callsign,airline,runway,atot,sid,sid_family,aircraft_type,wake,engine_class,track_start_time,track_end_time,start_from_thr_time,sep_is_first_departure_for_runway,thr_sid,thr_aircraft_type,thr_atot,thr_passes_thr_filter,thr_cross_time,thr_cross_lat,thr_cross_lon,thr_cross_alt_ft,thr_cross_ias_kt,thr_cross_heading_deg,thr_min_dist_thr_nm,thr_turned_before_thr,thr_turn_start_time,sep_leader,sep_atot_leader,sep_atot_follower,sep_leader_sid,sep_follower_sid,sep_leader_sid_family,sep_follower_sid_family,sep_leader_aircraft_type,sep_follower_aircraft_type,sep_leader_wake,sep_follower_wake,sep_leader_class,sep_follower_class,sep_same_sid_family,sep_radar_twr_time,sep_radar_tma_min_time,sep_twr_computable,sep_tma_computable,sep_computation_note,sep_radar_twr_nm,sep_radar_twr_dalt_ft,sep_radar_twr_loss,sep_radar_tma_min_nm,sep_radar_tma_dalt_ft,sep_radar_tma_loss,sep_wake_twr_required_nm,sep_wake_twr_required_s,sep_wake_twr_actual_nm,sep_wake_twr_actual_s,sep_wake_twr_loss,sep_wake_tma_required_nm,sep_wake_tma_actual_nm,sep_wake_tma_loss,sep_loa_required_nm,sep_loa_actual_nm,sep_loa_loss,turn_sid,turn_aircraft_type,turn_atot,turn_turn_start_time,turn_turn_start_lat,turn_turn_start_lon,turn_turn_start_x_m,turn_turn_start_y_m,turn_turn_start_alt_ft,turn_turn_start_ias_kt,turn_turn_start_roll_angle_deg,turn_turn_start_heading_deg,turn_turn_start_tta_deg,turn_turn_start_dist_thr_nm,turn_detection_method,turn_crosses_r234,turn_r234_cross_lat,turn_r234_cross_lon,nadp_sid,nadp_aircraft_type,nadp_wake,nadp_atot,nadp_ias_at_800ft,nadp_alt_at_800ft,nadp_ias_at_3000ft,nadp_alt_at_3000ft,nadp_delta_ias_kt,nadp_nadp,nadp_threshold_kt,nadp_time_at_800ft,nadp_time_at_3000ft
RYR82GJ,RYR,06R,2026-05-23T03:58:38,SENIA1R,MISMA_SID_G2,B738,M,R,2026-05-23T04:00:04,2026-05-23T04:01:27,2026-05-23T04:00:05,True,SENIA1R,B738,2026-05-23T03:58:38,False,,,,,,,4.172440502794409,,,,,,,,,,,,,,,,,,,,,,,,,,,,,,,,,,,,,,,,,,,,,,,,,,,,,,,,,,,,,,,,,,,,,
RYR1FB,RYR,06R,2026-05-23T04:01:39,DALIN1R,MISMA_SID_G3,B38M,M,R,2026-05-23T04:01:25,2026-05-23T04:05:02,2026-05-23T04:01:26,False,DALIN1R,B38M,2026-05-23T04:01:39,True,2026-05-23T04:01:48.049913858,41.292064053550774,2.103329157292606,239.3089718648847,165.85025842549516,63.98467759237713,0.009583900393162292,,,RYR82GJ,2026-05-23T03:58:38,2026-05-23T04:01:39,SENIA1R,DALIN1R,MISMA_SID_G2,MISMA_SID_G3,B738,B38M,M,M,R,R,False,2026-05-23T04:01:26,2026-05-23T04:01:25,True,True,,10.722926162489392,5799.6965333333355,False,10.680766083004064,5751.6965333333355,False,,,10.722926162489392,81.0,,,10.680766083004064,,3.0,10.722926162489392,False,,,,,,,,,,,,,,,,,,,,,,,,,,,,,,,
VLG6152,VLG,06R,2026-05-23T04:04:04,LARPA1R,MISMA_SID_G2,A320,M,R,2026-05-23T04:03:49,2026-05-23T04:06:59,2026-05-23T04:03:52,False,LARPA1R,A320,2026-05-23T04:04:04,True,2026-05-23T04:04:13.856012505,41.292235749949185,2.1032754126111297,394.8429202470173,156.0,59.765625,0.0010061056082408988,,,RYR1FB,2026-05-23T04:01:39,2026-05-23T04:04:04,DALIN1R,LARPA1R,MISMA_SID_G3,MISMA_SID_G2,B38M,A320,M,M,R,R,False,2026-05-23T04:03:52,2026-05-23T04:03:49,True,True,,7.948733132875437,3763.057600000001,False,7.836956061281536,3725.4522666666667,False,,,7.948733132875437,146.0,,,7.836956061281536,,3.0,7.948733132875437,False,,,,,,,,,,,,,,,,,,,,,,,,,,,,,,,
VLG9YD,VLG,06R,2026-05-23T04:05:55,DALIN1R,MISMA_SID_G3,A320,M,R,2026-05-23T04:05:37,2026-05-23T04:08:14,2026-05-23T04:05:44,False,DALIN1R,A320,2026-05-23T04:05:55,True,2026-05-23T04:06:04.278742115,41.29226368610281,2.1032663226541226,722.2736203363405,166.0,62.050781,0.002732787389024123,,,VLG6152,2026-05-23T04:04:04,2026-05-23T04:05:55,LARPA1R,DALIN1R,MISMA_SID_G2,MISMA_SID_G3,A320,A320,M,M,R,R,False,2026-05-23T04:05:44,2026-05-23T04:05:37,True,True,,5.592701460417363,3056.9989333333333,False,5.395127249777484,2790.2346666666667,False,,,5.592701460417363,112.0,,,5.395127249777484,,3.0,5.592701460417363,False,,,,,,,,,,,,,,,,,,,,,,,,,,,,,,,
RYR28RR,RYR,06R,2026-05-23T04:07:45,DIPES1R,MISMA_SID_G3,B738,M,R,2026-05-23T04:07:29,2026-05-23T04:11:06,2026-05-23T04:07:31,False,DIPES1R,B738,2026-05-23T04:07:45,True,2026-05-23T04:07:53.290367395,41.2919825375667,2.103358640161176,349.4473647636407,157.0,62.050781,0.01465368002992985,,,VLG9YD,2026-05-23T04:05:55,2026-05-23T04:07:45,DALIN1R,DIPES1R,MISMA_SID_G3,MISMA_SID_G3,A320,B738,M,M,R,R,True,2026-05-23T04:07:31,2026-05-23T04:07:29,True,True,,5.851044604360811,4095.1525333333316,False,5.782409946130649,4003.9023999999986,False,,,5.851044604360811,107.0,,,5.782409946130649,,5.0,5.851044604360811,False,,,,,,,,,,,,,,,,,,,,,,,,,,,,,,,
RYR91MD,RYR,06R,2026-05-23T04:09:26,LOTOS1R,MISMA_SID_G2,B738,M,R,2026-05-23T04:09:09,2026-05-23T04:12:14,2026-05-23T04:09:11,False,LOTOS1R,B738,2026-05-23T04:09:26,True,2026-05-23T04:09:31.888973518,41.292096621923584,2.103320186032558,237.93501828360255,168.22205296219826,61.11319218627101,0.007587939391412578,,,RYR28RR,2026-05-23T04:07:45,2026-05-23T04:09:26,DIPES1R,LOTOS1R,MISMA_SID_G3,MISMA_SID_G2,B738,B738,M,M,R,R,False,2026-05-23T04:09:11,2026-05-23T04:09:09,True,True,,4.892252010187293,2557.296,False,4.833151176948901,2476.9392,False,,,4.892252010187293,100.0,,,4.833151176948901,,3.0,4.892252010187293,False,,,,,,,,,,,,,,,,,,,,,,,,,,,,,,,
RYR699N,RYR,06R,2026-05-23T04:10:56,NATPI1R,MISMA_SID_G1,B738,M,R,2026-05-23T04:10:41,2026-05-23T04:13:30,2026-05-23T04:10:44,False,NATPI1R,B738,2026-05-23T04:10:56,True,2026-05-23T04:11:05.170886767,41.29195951874006,2.1033604705216606,354.9523765545916,166.0,62.050781,0.016017048219625952,,,RYR91MD,2026-05-23T04:09:26,2026-05-23T04:10:56,LOTOS1R,NATPI1R,MISMA_SID_G2,MISMA_SID_G1,B738,B738,M,M,R,R,False,2026-05-23T04:10:44,2026-05-23T04:10:41,True,True,,4.785188530322223,2285.544,False,4.684119578796913,2141.7039999999997,False,,,4.785188530322223,93.0,,,4.684119578796913,,3.0,4.785188530322223,False,,,,,,,,,,,,,,,,,,,,,,,,,,,,,,,
VLG53PC,VLG,06R,2026-05-23T04:12:16,DIPES1R,MISMA_SID_G3,A320,M,R,2026-05-23T04:11:56,2026-05-23T04:14:58,2026-05-23T04:12:02,False,DIPES1R,A320,2026-05-23T04:12:16,True,2026-05-23T04:12:23.139673431,41.29202577257077,2.103342188482185,402.8950159381556,161.86032656880832,61.045197870816615,0.011955930377228544,,,RYR699N,2026-05-23T04:10:56,2026-05-23T04:12:16,NATPI1R,DIPES1R,MISMA_SID_G1,MISMA_SID_G3,B738,A320,M,M,R,R,False,2026-05-23T04:12:02,2026-05-23T04:11:56,True,True,,3.826856572191812,1956.0192000000013,False,3.6474810882910034,1830.4448000000014,False,,,3.826856572191812,78.0,,,3.6474810882910034,,3.0,3.826856572191812,False,,,,,,,,,,,,,,,,,,,,,,,,,,,,,,,
SWR7YT,SWR,06R,2026-05-23T04:13:57,DALIN1R,MISMA_SID_G3,A320,M,R,2026-05-23T04:13:36,2026-05-23T04:16:30,2026-05-23T04:13:41,False,DALIN1R,A320,2026-05-23T04:13:57,True,2026-05-23T04:14:02.273818130,41.29193143061235,2.10337412246283,636.6432702465022,152.0,60.46875,0.01780018304689729,,,VLG53PC,2026-05-23T04:12:16,2026-05-23T04:13:57,DIPES1R,DALIN1R,MISMA_SID_G3,MISMA_SID_G3,A320,A320,M,M,R,R,True,2026-05-23T04:13:41,2026-05-23T04:13:36,True,True,,4.983036375701694,2597.210666666667,False,4.8259502717466445,2303.6149333333333,False,,,4.983036375701694,99.0,,,4.8259502717466445,,5.0,4.983036375701694,True,,,,,,,,,,,,,,,,,,,,,,,,,,,,,,,
RYR32FE,RYR,06R,2026-05-23T04:15:37,AGENA1R,MISMA_SID_G3,B738,M,R,2026-05-23T04:15:16,2026-05-23T04:18:18,2026-05-23T04:15:22,False,AGENA1R,B738,2026-05-23T04:15:37,True,2026-05-23T04:15:43.779856058,41.291995580937304,2.1033497628598536,323.8086534067149,158.1194242336954,61.62182453546767,0.013798702479409425,,,SWR7YT,2026-05-23T04:13:57,2026-05-23T04:15:37,DALIN1R,AGENA1R,MISMA_SID_G3,MISMA_SID_G3,A320,B738,M,M,R,R,True,2026-05-23T04:15:22,2026-05-23T04:15:16,True,True,,5.065940158672387,3299.9407999999985,False,4.854603658631676,3013.277333333332,False,,,5.065940158672387,101.0,,,4.854603658631676,,5.0,5.065940158672387,False,,,,,,,,,,,,,,,,,,,,,,,,,,,,,,,
RYR57ZC,RYR,06R,2026-05-23T04:17:08,LARPA4R,MISMA_SID_G2,B738,M,R,2026-05-23T04:16:52,2026-05-23T04:19:37,2026-05-23T04:16:55,False,LARPA4R,B738,2026-05-23T04:17:08,True,2026-05-23T04:17:17.091191649,41.291993919965705,2.103350479800129,371.14323943046475,158.0,60.820312,0.013903162443293562,,,RYR32FE,2026-05-23T04:15:37,2026-05-23T04:17:08,AGENA1R,LARPA4R,MISMA_SID_G3,MISMA_SID_G2,B738,B738,M,M,R,R,False,2026-05-23T04:16:55,2026-05-23T04:16:52,True,True,,4.630645618809466,2288.524266666667,False,4.537630568344992,2137.939733333333,False,,,4.630645618809466,93.0,,,4.537630568344992,,3.0,4.630645618809466,False,,,,,,,,,,,,,,,,,,,,,,,,,,,,,,,
VLG1510,VLG,06R,2026-05-23T04:18:28,DALIN1R,MISMA_SID_G3,A320,M,R,2026-05-23T04:18:12,2026-05-23T04:20:33,2026-05-23T04:18:17,False,DALIN1R,A320,2026-05-23T04:18:28,True,2026-05-23T04:18:37.347233553,41.2919826621167,2.103360231471603,588.4975579356267,157.0,61.171875,0.01466385195717538,,,RYR57ZC,2026-05-23T04:17:08,2026-05-23T04:18:28,LARPA4R,DALIN1R,MISMA_SID_G2,MISMA_SID_G3,B738,A320,M,M,R,R,False,2026-05-23T04:18:17,2026-05-23T04:18:12,True,True,,3.883396317357196,2003.3365333333345,False,3.749165440505671,1796.9456000000014,False,,,3.883396317357196,82.0,,,3.749165440505671,,3.0,3.883396317357196,False,,,,,,,,,,,,,,,,,,,,,,,,,,,,,,,
VLG8FU,VLG,06R,2026-05-23T04:21:24,LOBAR1R,MISMA_SID_G1,A320,M,R,2026-05-23T04:21:08,2026-05-23T04:23:57,2026-05-23T04:21:12,False,LOBAR1R,A320,2026-05-23T04:21:24,True,2026-05-23T04:21:33.573524252,41.292190809568794,2.1032911070627116,483.41877706419916,162.0,58.710938,0.00178392723648208,,,VLG1510,2026-05-23T04:18:28,2026-05-23T04:21:24,DALIN1R,LOBAR1R,MISMA_SID_G3,MISMA_SID_G1,A320,A320,M,M,R,R,False,,,False,False,TWR no computable: precedente sin posicion en la primera deteccion del siguiente; TMA no computable: sin solape temporal dentro del filtro,,,False,,,,,,,175.0,,,,,3.0,,False,,,,,,,,,,,,,,,,,,,,,,,,,,,,,,,
RYR73JP,RYR,06R,2026-05-23T04:23:05,AGENA1R,MISMA_SID_G3,B738,M,R,2026-05-23T04:22:48,2026-05-23T04:25:21,2026-05-23T04:22:54,False,AGENA1R,B738,2026-05-23T04:23:05,True,2026-05-23T04:23:14.464097459,41.29183164794028,2.103390627104784,495.2386502233333,164.0,63.758106051892774,0.02380707623076842,,,VLG8FU,2026-05-23T04:21:24,2026-05-23T04:23:05,LOBAR1R,AGENA1R,MISMA_SID_G1,MISMA_SID_G3,A320,B738,M,M,R,R,False,2026-05-23T04:22:54,2026-05-23T04:22:48,True,True,,5.142460421421825,2785.6298666666653,False,4.936187725573363,2484.709866666665,False,,,5.142460421421825,102.0,,,4.936187725573363,,3.0,5.142460421421825,False,,,,,,,,,,,,,,,,,,,,,,,,,,,,,,,
ITY075,ITY,06R,2026-05-23T04:24:50,DIPES1R,MISMA_SID_G3,A20N,M,R,2026-05-23T04:24:31,2026-05-23T04:27:29,2026-05-23T04:24:36,False,DIPES1R,A20N,2026-05-23T04:24:50,True,2026-05-23T04:24:59.002620251,41.292078185720584,2.10331602365231,597.9434024607293,140.0,62.929688,0.00863084546167778,,,RYR73JP,2026-05-23T04:23:05,2026-05-23T04:24:50,AGENA1R,DIPES1R,MISMA_SID_G3,MISMA_SID_G3,B738,A20N,M,M,R,R,True,2026-05-23T04:24:36,2026-05-23T04:24:31,True,True,,5.372116381008536,3353.7978666666677,False,5.201194386269007,3134.1152000000016,False,,,5.372116381008536,102.0,,,5.201194386269007,,5.0,5.372116381008536,False,,,,,,,,,,,,,,,,,,,,,,,,,,,,,,,
RYR2A,RYR,06R,2026-05-23T04:26:20,DUNES4R,MISMA_SID_G2,B738,M,R,2026-05-23T04:26:03,2026-05-23T04:29:17,2026-05-23T04:26:06,False,DUNES4R,B738,2026-05-23T04:26:20,True,2026-05-23T04:26:27.827412497,41.29204519211486,2.103337778372221,325.9332465835526,158.0,60.820312,0.010775951940316693,,,ITY075,2026-05-23T04:24:50,2026-05-23T04:26:20,DIPES1R,DUNES4R,MISMA_SID_G3,MISMA_SID_G2,A20N,B738,M,M,R,R,False,2026-05-23T04:26:06,2026-05-23T04:26:03,True,True,,4.1474562682958735,2116.5754666666653,False,4.049421543284106,1995.6543999999985,False,,,4.1474562682958735,90.0,,,4.049421543284106,,3.0,4.1474562682958735,False,,,,,,,,,,,,,,,,,,,,,,,,,,,,,,,
TVF32ER,TVF,06R,2026-05-23T04:27:51,OLOXO1R,MISMA_SID_G1,A20N,M,R,2026-05-23T04:27:35,2026-05-23T04:29:53,2026-05-23T04:27:39,False,OLOXO1R,A20N,2026-05-23T04:27:51,True,2026-05-23T04:28:01.667325695,41.29216084709026,2.1033015880363304,674.9967122609553,147.0,59.765625,0.0036439067989575756,,,RYR2A,2026-05-23T04:26:20,2026-05-23T04:27:51,DUNES4R,OLOXO1R,MISMA_SID_G2,MISMA_SID_G1,B738,A20N,M,M,R,R,False,2026-05-23T04:27:39,2026-05-23T04:27:35,True,True,,4.513306353618206,2363.755733333335,False,4.3969451589126844,2163.413333333335,False,,,4.513306353618206,93.0,,,4.3969451589126844,,3.0,4.513306353618206,False,,,,,,,,,,,,,,,,,,,,,,,,,,,,,,,
VLG911N,VLG,06R,2026-05-23T04:29:36,AGENA1R,MISMA_SID_G3,A320,M,R,2026-05-23T04:29:19,2026-05-23T04:32:12,2026-05-23T04:29:24,False,AGENA1R,A320,2026-05-23T04:29:36,True,2026-05-23T04:29:44.828140092,41.29202855559813,2.103344506434966,475.52660720743233,162.0,60.820312,0.011818570127157856,,,TVF32ER,2026-05-23T04:27:51,2026-05-23T04:29:36,OLOXO1R,AGENA1R,MISMA_SID_G1,MISMA_SID_G3,A20N,A320,M,M,R,R,False,2026-05-23T04:29:24,2026-05-23T04:29:19,True,True,,4.8690223307818155,3725.171733333333,False,4.71723026939482,3451.4890666666665,False,,,4.8690223307818155,105.0,,,4.71723026939482,,3.0,4.8690223307818155,False,,,,,,,,,,,,,,,,,,,,,,,,,,,,,,,
TAP1041,TAP,06R,2026-05-23T04:31:02,SENIA1R,MISMA_SID_G2,A320,M,R,2026-05-23T04:30:43,2026-05-23T04:33:56,2026-05-23T04:30:49,False,SENIA1R,A320,2026-05-23T04:31:02,True,2026-05-23T04:31:09.659561758,41.29221710056657,2.1032813917116764,465.9304721512235,160.36175296434678,62.611740808679585,0.0001456950826100426,,,VLG911N,2026-05-23T04:29:36,2026-05-23T04:31:02,AGENA1R,SENIA1R,MISMA_SID_G3,MISMA_SID_G2,A320,A320,M,M,R,R,False,2026-05-23T04:30:49,2026-05-23T04:30:43,True,True,,4.036126933289109,2187.384533333333,False,3.8718638639108205,2108.6416,False,,,4.036126933289109,85.0,,,3.8718638639108205,,3.0,4.036126933289109,False,,,,,,,,,,,,,,,,,,,,,,,,,,,,,,,
RYR2VR,RYR,06R,2026-05-23T04:32:42,LOTOS1R,MISMA_SID_G2,B738,M,R,2026-05-23T04:32:23,2026-05-23T04:35:20,2026-05-23T04:32:29,False,LOTOS1R,B738,2026-05-23T04:32:42,True,2026-05-23T04:32:50,41.29215743409305,2.103327954390079,207.0333333333347,172.0,61.523438,0.004293456137483545,,,TAP1041,2026-05-23T04:31:02,2026-05-23T04:32:42,SENIA1R,LOTOS1R,MISMA_SID_G2,MISMA_SID_G2,A320,B738,M,M,R,R,True,2026-05-23T04:32:29,2026-05-23T04:32:23,True,True,,5.027007391777565,2623.898133333332,False,4.824884528266187,2392.7018666666654,False,,,5.027007391777565,100.0,,,4.824884528266187,,5.0,5.027007391777565,False,,,,,,,,,,,,,,,,,,,,,,,,,,,,,,,
RYR81RY,RYR,06R,2026-05-23T04:34:43,AGENA1R,MISMA_SID_G3,B38M,M,R,2026-05-23T04:34:27,2026-05-23T04:37:28,2026-05-23T04:34:32,False,AGENA1R,B38M,2026-05-23T04:34:43,True,2026-05-23T04:34:53.303983426,41.29193477512121,2.1033642231840584,318.45620992054023,160.8239005571219,63.44155383589915,0.017503469964625117,,,RYR2VR,2026-05-23T04:32:42,2026-05-23T04:34:43,LOTOS1R,AGENA1R,MISMA_SID_G2,MISMA_SID_G3,B738,B38M,M,M,R,R,False,2026-05-23T04:34:32,2026-05-23T04:34:27,True,True,,6.6970794373832785,3562.3210666666664,False,6.508719467211959,3404.310933333333,False,,,6.6970794373832785,123.0,,,6.508719467211959,,3.0,6.6970794373832785,False,,,,,,,,,,,,,,,,,,,,,,,,,,,,,,,
KLM73T,KLM,06R,2026-05-23T04:36:09,OLOXO1R,MISMA_SID_G1,B738,M,R,2026-05-23T04:35:51,2026-05-23T04:39:08,2026-05-23T04:35:53,False,OLOXO1R,B738,2026-05-23T04:36:09,True,2026-05-23T04:36:14.294539372,41.291951019850295,2.103360844425751,258.31747623324213,166.0,63.808594,0.016518321783444066,,,RYR81RY,2026-05-23T04:34:43,2026-05-23T04:36:09,AGENA1R,OLOXO1R,MISMA_SID_G3,MISMA_SID_G1,B38M,B738,M,M,R,R,False,2026-05-23T04:35:53,2026-05-23T04:35:51,True,True,,3.9262221029237483,1860.6250666666667,False,3.866263168879107,1781.5711999999999,False,,,3.9262221029237483,81.0,,,3.866263168879107,,3.0,3.9262221029237483,False,,,,,,,,,,,,,,,,,,,,,,,,,,,,,,,
AFR32SN,AFR,06R,2026-05-23T04:37:54,OLOXO1R,MISMA_SID_G1,A320,M,R,2026-05-23T04:37:38,2026-05-23T04:41:00,2026-05-23T04:37:42,False,OLOXO1R,A320,2026-05-23T04:37:54,True,2026-05-23T04:38:03,41.29212808703899,2.1033132186180112,468.9112,160.0,58.710938,0.005679606177130556,,,KLM73T,2026-05-23T04:36:09,2026-05-23T04:37:54,OLOXO1R,OLOXO1R,MISMA_SID_G1,MISMA_SID_G1,B738,A320,M,M,R,R,True,2026-05-23T04:37:42,2026-05-23T04:37:38,True,True,,5.605311643410429,2801.5232000000015,False,5.487965126447579,2652.8288000000016,False,,,5.605311643410429,109.0,,,5.487965126447579,,5.0,5.605311643410429,False,,,,,,,,,,,,,,,,,,,,,,,,,,,,,,,
VLG8SJ,VLG,06R,2026-05-23T04:40:15,GRAUS1R,MISMA_SID_G1,A320,M,R,2026-05-23T04:39:58,2026-05-23T04:42:48,2026-05-23T04:40:02,False,GRAUS1R,A320,2026-05-23T04:40:15,True,2026-05-23T04:40:22.816880895,41.29204650693804,2.103339099677701,376.35809243977684,169.0,60.117188,0.010713861944627817,,,AFR32SN,2026-05-23T04:37:54,2026-05-23T04:40:15,OLOXO1R,GRAUS1R,MISMA_SID_G1,MISMA_SID_G1,A320,A320,M,M,R,R,True,2026-05-23T04:40:02,2026-05-23T04:39:58,True,True,,6.6919549946095955,3988.3562666666667,False,6.5655263301262865,3893.3344,False,,,6.6919549946095955,140.0,,,6.5655263301262865,,5.0,6.6919549946095955,False,,,,,,,,,,,,,,,,,,,,,,,,,,,,,,,
EJU73YK,EJU,06R,2026-05-23T04:45:17,NATPI2R,MISMA_SID_G1,A319,M,R,2026-05-23T04:44:58,2026-05-23T04:47:39,2026-05-23T04:45:01,False,NATPI2R,A319,2026-05-23T04:45:17,True,2026-05-23T04:45:23.264422951,41.29218485794831,2.1032929651600534,409.73667236728386,158.0,60.644531,0.0021507250576247652,,,VLG8SJ,2026-05-23T04:40:15,2026-05-23T04:45:17,GRAUS1R,NATPI2R,MISMA_SID_G1,MISMA_SID_G1,A320,A319,M,M,R,R,True,,,False,False,TWR no computable: precedente sin posicion en la primera deteccion del siguiente; TMA no computable: sin solape temporal dentro del filtro,,,False,,,,,,,299.0,,,,,5.0,,False,,,,,,,,,,,,,,,,,,,,,,,,,,,,,,,
UPS242,UPS,06R,2026-05-23T04:49:19,LOTOS3R,MISMA_SID_G2,B763,H,R,2026-05-23T04:49:02,2026-05-23T04:51:03,2026-05-23T04:49:06,False,LOTOS3R,B763,2026-05-23T04:49:19,True,2026-05-23T04:49:28.680528073,41.29169223499127,2.103393751259657,1245.55170414777,143.63894385350147,69.32360020527989,0.03206314474872275,,,EJU73YK,2026-05-23T04:45:17,2026-05-23T04:49:19,NATPI2R,LOTOS3R,MISMA_SID_G1,MISMA_SID_G2,A319,B763,M,H,R,R,False,,,False,False,TWR no computable: precedente sin posicion en la primera deteccion del siguiente; TMA no computable: sin solape temporal dentro del filtro,,,False,,,,,,,245.0,,,,,3.0,,False,,,,,,,,,,,,,,,,,,,,,,,,,,,,,,,
VLG365N,VLG,06R,2026-05-23T04:51:50,DALIN4R,MISMA_SID_G3,A320,M,R,2026-05-23T04:51:29,2026-05-23T04:54:23,2026-05-23T04:51:36,False,DALIN4R,A320,2026-05-23T04:51:50,True,2026-05-23T04:51:56.469018227,41.292110477594214,2.1033147496645683,372.70667884832005,164.12392709089818,62.13322549300871,0.006721809889945608,,,UPS242,2026-05-23T04:49:19,2026-05-23T04:51:50,LOTOS3R,DALIN4R,MISMA_SID_G2,MISMA_SID_G3,B763,A320,H,M,R,R,False,,,False,False,TWR no computable: precedente sin posicion en la primera deteccion del siguiente; TMA no computable: sin solape temporal dentro del filtro,,,False,,,,,,,150.0,,5.0,,,3.0,,False,,,,,,,,,,,,,,,,,,,,,,,,,,,,,,,
VLG3YR,VLG,24L,2026-05-23T05:00:28,DIPES1C,MISMA_SID_G3,A320,M,R,2026-05-23T05:00:12,2026-05-23T05:03:11,2026-05-23T05:00:15,True,DIPES1C,A320,2026-05-23T05:00:28,True,2026-05-23T05:00:36.733593597,41.28214298402671,2.0744113727440854,370.0486965182866,154.59843841543648,-111.84370418385063,0.010467334767203053,False,2026-05-23T05:00:45,,,,,,,,,,,,,,,,,,,,,,,,,,,,,,,,,,,,,DIPES1C,A320,2026-05-23T05:00:28,2026-05-23T05:00:45,41.27910091643287,2.0669739636072144,31282.05632960702,18229.595983765863,650.62,160.0,0.176,-124.453125,-115.312,1.817545210918871,roll+hdg,False,,,DIPES1C,A320,M,2026-05-23T05:00:28,162.74549789015515,800.0,223.0,3000.0,60.25450210984485,NADP2,30.0,2026-05-23T05:00:48.915165963,2026-05-23T05:02:06.162661764
VLG1265,VLG,24L,2026-05-23T05:06:21,OLOXO1C,MISMA_SID_G1,A320,M,R,2026-05-23T05:06:04,2026-05-23T05:08:59,2026-05-23T05:06:06,False,OLOXO1C,A320,2026-05-23T05:06:21,True,2026-05-23T05:06:27.523822505,41.28222887840248,2.0743781334877265,315.8118888623072,163.9047099799444,-112.24051604375384,0.005097848178469433,False,2026-05-23T05:06:37,VLG3YR,2026-05-23T05:00:28,2026-05-23T05:06:21,DIPES1C,OLOXO1C,MISMA_SID_G3,MISMA_SID_G1,A320,A320,M,M,R,R,False,,,False,False,TWR no computable: precedente sin posicion en la primera deteccion del siguiente; TMA no computable: sin solape temporal dentro del filtro,,,False,,,,,,,351.0,,,,,3.0,,False,OLOXO1C,A320,2026-05-23T05:06:21,2026-05-23T05:06:37,41.278931705997124,2.065452195420653,31155.013649294306,18210.24122351163,701.4728,161.0,-16.172,-118.125,-120.41,1.8839371541939627,roll,False,,,OLOXO1C,A320,M,2026-05-23T05:06:21,161.58147399095338,800.0,218.0,3000.0,56.418526009046616,NADP2,30.0,2026-05-23T05:06:39.290736995,2026-05-23T05:07:56.499875
VLG73QE,VLG,24L,2026-05-23T05:09:22,GRAUS1C,MISMA_SID_G1,A321,M,R,2026-05-23T05:09:00,2026-05-23T05:12:11,2026-05-23T05:09:04,False,GRAUS1C,A321,2026-05-23T05:09:22,True,2026-05-23T05:09:25.784300096,41.28217917284899,2.074395347131383,380.6723244631121,158.0,-112.148438,0.008181588094781768,False,2026-05-23T05:09:33,VLG1265,2026-05-23T05:06:21,2026-05-23T05:09:22,OLOXO1C,GRAUS1C,MISMA_SID_G1,MISMA_SID_G1,A320,A321,M,M,R,R,True,,,False,False,TWR no computable: precedente sin posicion en la primera deteccion del siguiente; TMA no computable: sin solape temporal dentro del filtro,,,False,,,,,,,178.0,,,,,5.0,,False,GRAUS1C,A321,2026-05-23T05:09:22,2026-05-23T05:09:33,41.279635137932004,2.068016154046315,31368.86050989842,18289.35515373837,719.7917333333334,,-20.566,,-151.348,1.761284978661993,roll,False,,,GRAUS1C,A321,M,2026-05-23T05:09:22,,,218.0,3000.0,,,30.0,,2026-05-23T05:11:01.429749999
VLG4SW,VLG,24L,2026-05-23T05:13:54,DIPES1C,MISMA_SID_G3,A321,M,R,2026-05-23T05:13:35,2026-05-23T05:16:58,2026-05-23T05:13:38,False,DIPES1C,A321,2026-05-23T05:13:54,True,2026-05-23T05:13:59.154437795,41.28229324760245,2.0743561643702138,368.93393383627233,166.22781102318436,-111.972656,0.0011080082598582137,False,2026-05-23T05:14:09,VLG73QE,2026-05-23T05:09:22,2026-05-23T05:13:54,GRAUS1C,DIPES1C,MISMA_SID_G1,MISMA_SID_G3,A321,A321,M,M,R,R,False,,,False,False,TWR no computable: precedente sin posicion en la primera deteccion del siguiente; TMA no computable: sin solape temporal dentro del filtro,,,False,,,,,,,274.0,,,,,3.0,,False,DIPES1C,A321,2026-05-23T05:13:54,2026-05-23T05:14:09,41.27880823247166,2.065265763695767,31139.498225903746,18196.449281993697,838.5,160.0,-31.113,-120.234375,-123.926,1.894700319569155,roll,False,,,DIPES1C,A321,M,2026-05-23T05:13:54,160.0,800.0,227.844670033323,3000.0,67.84467003332301,NADP2,30.0,2026-05-23T05:14:08.206730769,2026-05-23T05:15:38.281556677
VLG4VF,VLG,24L,2026-05-23T05:15:25,AGENA1C,MISMA_SID_G3,A321,M,R,2026-05-23T05:15:07,2026-05-23T05:18:18,2026-05-23T05:15:12,False,AGENA1C,A321,2026-05-23T05:15:25,True,2026-05-23T05:15:32.569491082,41.282276661637994,2.0743613385792505,387.89830045768474,,,0.002130689088236513,False,2026-05-23T05:15:40,VLG4SW,2026-05-23T05:13:54,2026-05-23T05:15:25,DIPES1C,AGENA1C,MISMA_SID_G3,MISMA_SID_G3,A321,A321,M,M,R,R,True,2026-05-23T05:15:12,2026-05-23T05:15:07,True,True,,4.209345872756449,2257.9258666666665,False,4.055122803709135,2130.2501333333335,False,,,4.209345872756449,94.0,,,4.055122803709135,,5.0,4.209345872756449,True,AGENA1C,A321,2026-05-23T05:15:25,2026-05-23T05:15:40,41.27888573044839,2.0683962258639834,31400.944113327205,18206.20234092284,680.6618666666666,,-27.07,,-163.477,1.7657583727891097,roll,False,,,AGENA1C,A321,M,2026-05-23T05:15:25,,,229.0,3000.0,,,30.0,,2026-05-23T05:17:11.100672413
DLH03K,DLH,24L,2026-05-23T05:17:00,DALIN1C,MISMA_SID_G3,A20N,M,R,2026-05-23T05:16:43,2026-05-23T05:19:18,2026-05-23T05:16:48,False,DALIN1C,A20N,2026-05-23T05:17:00,True,2026-05-23T05:17:10.995679026,41.28191596865882,2.074530935661819,728.9543891381319,141.99567902650736,-124.41210951158592,0.025089786121571624,False,2026-05-23T05:17:11,VLG4VF,2026-05-23T05:15:25,2026-05-23T05:17:00,AGENA1C,DALIN1C,MISMA_SID_G3,MISMA_SID_G3,A321,A20N,M,M,R,R,True,2026-05-23T05:16:48,2026-05-23T05:16:43,True,True,,4.355195456910318,2183.9888,False,4.17968127189544,2103.830933333333,False,,,4.355195456910318,96.0,,,4.17968127189544,,5.0,4.355195456910318,True,DALIN1C,A20N,2026-05-23T05:17:00,2026-05-23T05:17:11,41.281914412489996,2.0745275371700003,31911.682545057756,18545.08417311945,729.156,142.0,-0.703,-124.453125,-115.137,1.4371970074802431,roll+hdg,False,,,DALIN1C,A20N,M,2026-05-23T05:17:00,142.0,800.0,140.0,3000.0,-2.0,NADP1,30.0,2026-05-23T05:17:12.660406250,2026-05-23T05:18:03.922187500
VLG593U,VLG,24L,2026-05-23T05:18:31,LOTOS1C,MISMA_SID_G2,A321,M,R,2026-05-23T05:18:11,2026-05-23T05:21:42,2026-05-23T05:18:15,False,LOTOS1C,A321,2026-05-23T05:18:31,True,2026-05-23T05:18:35.442799759,41.28223062790114,2.0743782388782965,359.168574220494,166.0,-112.5,0.004997394418205726,False,2026-05-23T05:18:44,DLH03K,2026-05-23T05:17:00,2026-05-23T05:18:31,DALIN1C,LOTOS1C,MISMA_SID_G3,MISMA_SID_G2,A20N,A321,M,M,R,R,False,2026-05-23T05:18:15,2026-05-23T05:18:11,True,True,,3.2645903023361984,3314.2282666666665,False,3.193898397420292,3187.9903999999997,False,,,3.2645903023361984,87.0,,,3.193898397420292,,3.0,3.2645903023361984,False,LOTOS1C,A321,2026-05-23T05:18:31,2026-05-23T05:18:44,41.27916774814378,2.0666103148214474,31251.646194690933,18236.894693740895,786.9970666666667,162.0,-29.531,-120.585938,-126.211,1.8306228477503914,roll,False,,,LOTOS1C,A321,M,2026-05-23T05:18:31,162.0,800.0,247.0,3000.0,85.0,NADP2,30.0,2026-05-23T05:18:44.248780612,2026-05-23T05:20:29.083264705
VLG38HJ,VLG,24L,2026-05-23T05:19:47,DALIN1C,MISMA_SID_G3,A321,M,R,2026-05-23T05:19:27,2026-05-23T05:22:18,2026-05-23T05:19:32,False,DALIN1C,A321,2026-05-23T05:19:47,True,2026-05-23T05:19:53.505766628,41.28226365578672,2.074367124776357,623.0680691190933,154.0,-111.445312,0.0029521424198042804,True,2026-05-23T05:19:52,VLG593U,2026-05-23T05:18:31,2026-05-23T05:19:47,LOTOS1C,DALIN1C,MISMA_SID_G2,MISMA_SID_G3,A321,A321,M,M,R,R,False,2026-05-23T05:19:32,2026-05-23T05:19:27,True,True,,3.2426599364726907,2026.0959999999998,False,3.153633760371855,1908.9957333333332,False,,,3.2426599364726907,77.0,,,3.153633760371855,,3.0,3.2426599364726907,False,DALIN1C,A321,2026-05-23T05:19:47,2026-05-23T05:19:52,41.282754004789915,2.075725955427803,32011.37753107905,18638.853943935137,544.3666666666667,154.0,-9.492,-111.445312,-115.312,1.3668687696397217,roll,False,,,DALIN1C,A321,M,2026-05-23T05:19:47,152.0,800.0,214.0,3000.0,62.0,NADP2,30.0,2026-05-23T05:19:57.239505434,2026-05-23T05:21:09.480574324
IBE04RC,IBE,24L,2026-05-23T05:20:57,SENIA1C,MISMA_SID_G2,A320,M,R,2026-05-23T05:20:35,2026-05-23T05:23:46,2026-05-23T05:20:40,False,SENIA1C,A320,2026-05-23T05:20:57,True,2026-05-23T05:21:01.577022389,41.28214678710568,2.0744111109299865,468.3250747166482,159.0,-112.675781,0.010244123185553957,False,2026-05-23T05:21:07,VLG38HJ,2026-05-23T05:19:47,2026-05-23T05:20:57,DALIN1C,SENIA1C,MISMA_SID_G3,MISMA_SID_G2,A321,A320,M,M,R,R,False,2026-05-23T05:20:40,2026-05-23T05:20:35,True,True,,2.7988557147018027,2131.7008,False,2.707595584337366,2012.6634666666666,False,,,2.7988557147018027,68.0,,,2.707595584337366,,3.0,2.7988557147018027,True,SENIA1C,A320,2026-05-23T05:20:57,2026-05-23T05:21:07,41.280392012650175,2.069640322845086,31504.1679465172,18374.080086278598,720.3426666666667,153.0,-0.703,-124.453125,-115.664,1.6756191400452962,roll+hdg,False,,,SENIA1C,A320,M,2026-05-23T05:20:57,153.0,800.0,249.0,3000.0,96.0,NADP2,30.0,2026-05-23T05:21:08.588909574,2026-05-23T05:22:43.453187499
EJU14CG,EJU,24L,2026-05-23T05:22:03,DALIN1C,MISMA_SID_G3,A319,M,R,2026-05-23T05:21:47,2026-05-23T05:24:21,2026-05-23T05:21:50,False,DALIN1C,A319,2026-05-23T05:22:03,True,2026-05-23T05:22:12.202555230,41.28214675689398,2.0744087372579805,416.54911310801657,153.0,-112.148438,0.01021757037646629,False,2026-05-23T05:22:20,IBE04RC,2026-05-23T05:20:57,2026-05-23T05:22:03,SENIA1C,DALIN1C,MISMA_SID_G2,MISMA_SID_G3,A320,A319,M,M,R,R,False,2026-05-23T05:21:50,2026-05-23T05:21:47,True,True,,2.905270048898961,2015.9882666666665,False,2.856306012581365,1940.7882666666667,False,,,2.905270048898961,70.0,,,2.856306012581365,,3.0,2.905270048898961,True,DALIN1C,A319,2026-05-23T05:22:03,2026-05-23T05:22:20,41.279288025917225,2.06780638625395,31351.50074955773,18250.696118402673,731.2904,151.0,-20.742,-119.53125,-143.438,1.7788393258063213,roll,False,,,DALIN1C,A319,M,2026-05-23T05:22:03,151.0,800.0,205.0,3000.0,54.0,NADP2,30.0,2026-05-23T05:22:21.789312499,2026-05-23T05:23:28.396946428
VLG23TK,VLG,24L,2026-05-23T05:23:34,LARPA1C,MISMA_SID_G2,A321,M,R,2026-05-23T05:23:15,2026-05-23T05:26:17,2026-05-23T05:23:21,False,LARPA1C,A321,2026-05-23T05:23:34,True,2026-05-23T05:23:41.604935200,41.28217923842874,2.0743966258861746,543.7744798233828,160.0,-111.972656,0.00819240109586906,False,2026-05-23T05:23:51,EJU14CG,2026-05-23T05:22:03,2026-05-23T05:23:34,DALIN1C,LARPA1C,MISMA_SID_G3,MISMA_SID_G2,A319,A321,M,M,R,R,False,2026-05-23T05:23:21,2026-05-23T05:23:15,True,True,,3.894299307098034,2623.8448,False,3.738930625530792,2421.072,False,,,3.894299307098034,91.0,,,3.738930625530792,,3.0,3.894299307098034,False,LARPA1C,A321,2026-05-23T05:23:34,2026-05-23T05:23:51,41.27860577648616,2.066320520558513,31227.70685790271,18174.32171114145,1004.2936,158.0,0.352,-130.957031,-115.137,1.8570555726050921,roll+hdg,False,,,LARPA1C,A321,M,2026-05-23T05:23:34,158.0,800.0,197.0,3000.0,39.0,NADP2,30.0,2026-05-23T05:23:46.898813847,2026-05-23T05:24:56.841271084
VLG7830,VLG,24L,2026-05-23T05:25:00,DUQQI1C,MISMA_SID_G1,A321,M,R,2026-05-23T05:24:47,2026-05-23T05:27:53,2026-05-23T05:24:48,False,DUQQI1C,A321,2026-05-23T05:25:00,True,2026-05-23T05:25:09.451077103,41.28221766696941,2.0743811851106546,358.6781819734711,165.0,-111.796875,0.005784171371506891,False,2026-05-23T05:25:19,VLG23TK,2026-05-23T05:23:34,2026-05-23T05:25:00,LARPA1C,DUQQI1C,MISMA_SID_G2,MISMA_SID_G1,A321,A321,M,M,R,R,False,2026-05-23T05:24:48,2026-05-23T05:24:47,True,True,,3.8084397852583676,2537.483733333333,False,3.780182808731253,2493.7504000000004,False,,,3.8084397852583676,87.0,,,3.780182808731253,,3.0,3.8084397852583676,False,DUQQI1C,A321,2026-05-23T05:25:00,2026-05-23T05:25:19,41.27883648341016,2.0656089014200854,31168.150061303662,18199.711825977967,782.7,160.0,-0.176,-121.640625,-114.785,1.879972392686212,roll+hdg,False,,,DUQQI1C,A321,M,2026-05-23T05:25:00,160.0,800.0,245.86080061337316,3000.0,85.86080061337316,NADP2,30.0,2026-05-23T05:25:19.368607954,2026-05-23T05:26:49.286933537
VLG6UW,VLG,24L,2026-05-23T05:26:10,SENIA1C,MISMA_SID_G2,A321,M,R,2026-05-23T05:25:54,2026-05-23T05:28:57,2026-05-23T05:25:58,False,SENIA1C,A321,2026-05-23T05:26:10,True,2026-05-23T05:26:18.773361196,41.28237633317022,2.0743277742226844,381.4239184349559,160.133194015846,-110.87813020454011,0.0040423205408718545,True,2026-05-23T05:26:12,VLG7830,2026-05-23T05:25:00,2026-05-23T05:26:10,DUQQI1C,SENIA1C,MISMA_SID_G1,MISMA_SID_G2,A321,A321,M,M,R,R,False,2026-05-23T05:25:58,2026-05-23T05:25:54,True,True,,2.979311019133906,1863.5056,False,2.911882476303232,1748.2512,False,,,2.979311019133906,70.0,,,2.911882476303232,,3.0,2.979311019133906,True,SENIA1C,A321,2026-05-23T05:26:10,2026-05-23T05:26:12,41.28449085160834,2.0806661572581175,32423.179621259398,18833.75010260374,60.11173333333334,164.0,-0.879,-110.917969,-114.082,1.1208019355402623,roll+hdg,False,,,SENIA1C,A321,M,2026-05-23T05:26:10,156.0,800.0,228.45041028878018,3000.0,72.45041028878018,NADP2,30.0,2026-05-23T05:26:27.270039325,2026-05-23T05:27:53.725205144
VLG3BV,VLG,24L,2026-05-23T05:27:51,DUQQI1C,MISMA_SID_G1,A320,M,R,2026-05-23T05:27:30,2026-05-23T05:30:21,2026-05-23T05:27:35,False,DUQQI1C,A320,2026-05-23T05:27:51,True,2026-05-23T05:27:56.063030239,41.28225196661264,2.0743705620527915,445.0454353449758,157.0,-111.445312,0.003670249164886883,False,2026-05-23T05:28:03,VLG6UW,2026-05-23T05:26:10,2026-05-23T05:27:51,SENIA1C,DUQQI1C,MISMA_SID_G2,MISMA_SID_G1,A321,A320,M,M,R,R,False,2026-05-23T05:27:35,2026-05-23T05:27:30,True,True,,4.265678680236651,2459.8746666666666,False,4.109010565165053,2403.568,False,,,4.265678680236651,97.0,,,4.109010565165053,,3.0,4.265678680236651,False,DUQQI1C,A320,2026-05-23T05:27:51,2026-05-23T05:28:03,41.2799725101772,2.068104950547448,31376.11665939273,18326.889030338294,712.1010666666666,155.0,-29.355,-117.773438,-125.332,1.7490514964093122,roll,False,,,DUQQI1C,A320,M,2026-05-23T05:27:51,155.0,800.0,250.5734240535843,3000.0,95.57342405358429,NADP2,30.0,2026-05-23T05:28:05.168559210,2026-05-23T05:29:29.573424053
VLG2472,VLG,24L,2026-05-23T05:29:07,LOTOS1C,MISMA_SID_G2,A321,M,R,2026-05-23T05:28:46,2026-05-23T05:31:49,2026-05-23T05:28:52,False,LOTOS1C,A321,2026-05-23T05:29:07,True,2026-05-23T05:29:12.653529688,41.282346506748596,2.0743379530393384,300.3731083694455,167.0,-111.972656,0.0021935781913809886,False,2026-05-23T05:29:26,VLG3BV,2026-05-23T05:27:51,2026-05-23T05:29:07,DUQQI1C,LOTOS1C,MISMA_SID_G1,MISMA_SID_G2,A320,A321,M,M,R,R,False,2026-05-23T05:28:52,2026-05-23T05:28:46,True,True,,3.4351882281843316,1909.4069333333334,False,3.279356355953285,1803.7226666666666,False,,,3.4351882281843316,77.0,,,3.279356355953285,,3.0,3.4351882281843316,False,LOTOS1C,A321,2026-05-23T05:29:07,2026-05-23T05:29:26,41.277421555645404,2.0620835050935904,30874.319128916082,18041.17220123247,900.5421333333334,163.0,-1.582,-133.417969,-114.785,2.0601120039522147,roll+hdg,False,,,LOTOS1C,A321,M,2026-05-23T05:29:07,162.0,800.0,238.0,3000.0,76.0,NADP2,30.0,2026-05-23T05:29:24.004532258,2026-05-23T05:30:50.731409090
VLG3LK,VLG,24L,2026-05-23T05:30:43,DUNES1C,MISMA_SID_G2,A320,M,R,2026-05-23T05:30:26,2026-05-23T05:33:13,2026-05-23T05:30:29,False,DUNES1C,A320,2026-05-23T05:30:43,True,2026-05-23T05:30:50.115870858,41.28214715333398,2.074409440277678,436.0734321424052,157.0,-113.027344,0.010202875935056444,False,2026-05-23T05:30:58,VLG2472,2026-05-23T05:29:07,2026-05-23T05:30:43,LOTOS1C,DUNES1C,MISMA_SID_G2,MISMA_SID_G2,A321,A320,M,M,R,R,True,2026-05-23T05:30:29,2026-05-23T05:30:26,True,True,,4.3691283596479344,2203.6746666666663,False,4.261839463009161,2200.474666666667,False,,,4.3691283596479344,97.0,,,4.261839463009161,,5.0,4.3691283596479344,True,DUNES1C,A320,2026-05-23T05:30:43,2026-05-23T05:30:58,41.27949634306108,2.067301205547615,31309.204567474408,18273.66838836386,729.78,158.0,-3.867,-121.464844,-115.488,1.7940093464278597,roll+hdg,False,,,DUNES1C,A320,M,2026-05-23T05:30:43,158.0,800.0,214.0,3000.0,56.0,NADP2,30.0,2026-05-23T05:30:59.880892857,2026-05-23T05:32:10.789928571
VLG55PB,VLG,24L,2026-05-23T05:32:24,,,A21N,M,R,2026-05-23T05:32:06,2026-05-23T05:35:17,2026-05-23T05:32:10,False,,A21N,2026-05-23T05:32:24,True,2026-05-23T05:32:31.775747992,41.282161879378734,2.074403836475652,549.6319036500655,152.0,-111.972656,0.009283356643360871,False,2026-05-23T05:32:35,VLG3LK,2026-05-23T05:30:43,2026-05-23T05:32:24,DUNES1C,,MISMA_SID_G2,,A320,A21N,M,M,R,R,,2026-05-23T05:32:10,2026-05-23T05:32:06,True,True,,4.700125126782308,2907.6976,False,4.558158106032552,2682.650666666667,False,,,4.700125126782308,101.0,,,4.558158106032552,,,4.700125126782308,False,,A21N,2026-05-23T05:32:24,2026-05-23T05:32:35,41.28110071538922,2.071650338562874,31671.735115336778,18453.58402783618,650.5432,148.0,-21.973,-117.070312,-122.52,1.5754421613051497,roll,False,,,,A21N,M,2026-05-23T05:32:24,149.0,800.0,227.25388360769767,3000.0,78.25388360769767,NADP2,30.0,2026-05-23T05:32:38.380145833,2026-05-23T05:34:05.063470901
VLG56ND,VLG,24L,2026-05-23T05:33:40,DUQQI1C,MISMA_SID_G1,A319,M,R,2026-05-23T05:33:22,2026-05-23T05:36:05,2026-05-23T05:33:25,False,DUQQI1C,A319,2026-05-23T05:33:40,True,2026-05-23T05:33:46.696763908,41.28201778563771,2.074458208806848,365.4245192688579,156.0,-111.621094,0.018275596686656195,False,2026-05-23T05:33:58,VLG55PB,2026-05-23T05:32:24,2026-05-23T05:33:40,,DUQQI1C,,MISMA_SID_G1,A21N,A319,M,M,R,R,,2026-05-23T05:33:25,2026-05-23T05:33:22,True,True,,3.1214240133387046,2005.9872,False,3.0508962303498515,1938.7872,False,,,3.1214240133387046,75.0,,,3.0508962303498515,,,3.1214240133387046,False,DUQQI1C,A319,2026-05-23T05:33:40,2026-05-23T05:33:58,41.27795515527997,2.0645397918217956,31079.25951331327,18101.361507143643,814.012,157.0,1.582,-125.332031,-116.543,1.9463964485724592,roll+hdg,False,,,DUQQI1C,A319,M,2026-05-23T05:33:40,156.4660332300188,800.0,215.0,3000.0,58.53396676998119,NADP2,30.0,2026-05-23T05:33:57.733016615,2026-05-23T05:35:08.170388888
VLG1PT,VLG,24L,2026-05-23T05:34:50,LARPA1C,MISMA_SID_G2,A321,M,R,2026-05-23T05:34:34,2026-05-23T05:37:36,2026-05-23T05:34:38,False,LARPA1C,A321,2026-05-23T05:34:50,True,2026-05-23T05:34:59.496902967,41.28215004493273,2.0744069897457416,493.4271792872249,154.0,-111.972656,0.010006491932819581,False,2026-05-23T05:35:06,VLG56ND,2026-05-23T05:33:40,2026-05-23T05:34:50,DUQQI1C,LARPA1C,MISMA_SID_G1,MISMA_SID_G2,A319,A321,M,M,R,R,False,2026-05-23T05:34:38,2026-05-23T05:34:34,True,True,,3.149021792375622,1939.6186666666665,False,3.0611584668810865,1840.2176,False,,,3.149021792375622,73.0,,,3.0611584668810865,,3.0,3.149021792375622,False,LARPA1C,A321,2026-05-23T05:34:50,2026-05-23T05:35:06,41.2799313161557,2.0688943393748684,31442.078794189558,18322.594332105,796.572,150.0,-1.406,-124.453125,-115.137,1.7178641774720167,roll+hdg,False,,,LARPA1C,A321,M,2026-05-23T05:34:50,150.0,800.0,215.0,3000.0,65.0,NADP2,30.0,2026-05-23T05:35:06.075617647,2026-05-23T05:36:32.791382352
VLG11TT,VLG,24L,2026-05-23T05:36:06,DUQQI1C,MISMA_SID_G1,A320,M,R,2026-05-23T05:35:50,2026-05-23T05:38:28,2026-05-23T05:35:54,False,DUQQI1C,A320,2026-05-23T05:36:06,True,2026-05-23T05:36:14.679880051,41.28224020700988,2.0743753920602437,434.4933037561602,159.0,-110.566406,0.004408576315766286,False,2026-05-23T05:36:15,VLG1PT,2026-05-23T05:34:50,2026-05-23T05:36:06,LARPA1C,DUQQI1C,MISMA_SID_G2,MISMA_SID_G1,A321,A320,M,M,R,R,False,2026-05-23T05:35:54,2026-05-23T05:35:50,True,True,,3.0385200186798564,2163.4165333333335,False,2.968751670239587,2086.6821333333332,False,,,3.0385200186798564,76.0,,,2.968751670239587,,3.0,3.0385200186798564,False,DUQQI1C,A320,2026-05-23T05:36:06,2026-05-23T05:36:15,41.28213425416212,2.074079532198094,31874.150939074967,18569.35873538356,449.5176,159.0,-1.23,-110.566406,-115.488,1.4499021287821046,roll+hdg,False,,,DUQQI1C,A320,M,2026-05-23T05:36:06,155.0,800.0,230.0,3000.0,75.0,NADP2,30.0,2026-05-23T05:36:22.464730769,2026-05-23T05:37:38.109750
VLG15SY,VLG,24L,2026-05-23T05:37:47,SENIA1C,MISMA_SID_G2,A320,M,R,2026-05-23T05:37:25,2026-05-23T05:40:24,2026-05-23T05:37:31,False,SENIA1C,A320,2026-05-23T05:37:47,True,2026-05-23T05:37:52.061823017,41.28221409396558,2.0743837236599325,324.85847119211394,170.0,-113.730469,0.006020401915323345,False,2026-05-23T05:38:06,VLG11TT,2026-05-23T05:36:06,2026-05-23T05:37:47,DUQQI1C,SENIA1C,MISMA_SID_G1,MISMA_SID_G2,A320,A320,M,M,R,R,False,2026-05-23T05:37:31,2026-05-23T05:37:25,True,True,,4.580459073944937,2646.5589333333332,False,4.354678346558413,2414.6858666666662,False,,,4.580459073944937,97.0,,,4.354678346558413,,3.0,4.580459073944937,False,SENIA1C,A320,2026-05-23T05:37:47,2026-05-23T05:38:06,41.276985402500486,2.06187852178842,30857.399882467696,17992.61782440905,983.5117333333334,164.0,-0.879,-129.375,-115.488,2.079847916574837,roll+hdg,False,,,SENIA1C,A320,M,2026-05-23T05:37:47,161.0,800.0,231.81217070236335,3000.0,70.81217070236335,NADP2,30.0,2026-05-23T05:38:02.364039325,2026-05-23T05:39:24.812170702
VLG7EY,VLG,24L,2026-05-23T05:39:18,LOTOS1C,MISMA_SID_G2,A321,M,R,2026-05-23T05:39:01,2026-05-23T05:42:32,2026-05-23T05:39:06,False,LOTOS1C,A321,2026-05-23T05:39:18,True,2026-05-23T05:39:27.106215376,41.28212053691775,2.074416773125066,374.4618704489525,164.0,-112.148438,0.011832137493384813,False,2026-05-23T05:39:35,VLG15SY,2026-05-23T05:37:47,2026-05-23T05:39:18,SENIA1C,LOTOS1C,MISMA_SID_G2,MISMA_SID_G2,A320,A321,M,M,R,R,True,2026-05-23T05:39:06,2026-05-23T05:39:01,True,True,,4.279381848272983,2203.9984,False,4.122769296191906,2076.5264,False,,,4.279381848272983,95.0,,,4.122769296191906,,5.0,4.279381848272983,True,LOTOS1C,A321,2026-05-23T05:39:18,2026-05-23T05:39:35,41.27940215984053,2.067047582518987,31288.061567406057,18263.109179119812,681.1416,163.0,-26.367,-114.609375,-120.41,1.8067715854767188,roll,False,,,LOTOS1C,A321,M,2026-05-23T05:39:18,163.0,800.0,225.0,3000.0,62.0,NADP2,30.0,2026-05-23T05:39:37.755047689,2026-05-23T05:41:09.402589552
VLG76GZ,VLG,24L,2026-05-23T05:40:44,DUQQI1C,MISMA_SID_G1,A321,M,R,2026-05-23T05:40:25,2026-05-23T05:42:52,2026-05-23T05:40:29,False,DUQQI1C,A321,2026-05-23T05:40:44,True,2026-05-23T05:40:49,41.28203699,2.07446565,747.5,173.0,-118.652344,0.017265708128343417,False,2026-05-23T05:40:54,VLG7EY,2026-05-23T05:39:18,2026-05-23T05:40:44,LOTOS1C,DUQQI1C,MISMA_SID_G2,MISMA_SID_G1,A321,A321,M,M,R,R,False,2026-05-23T05:40:29,2026-05-23T05:40:25,True,True,,3.589702566772663,1927.8517333333334,False,3.497212050142473,1852.8053333333332,False,,,3.589702566772663,83.0,,,3.497212050142473,,3.0,3.589702566772663,False,DUQQI1C,A321,2026-05-23T05:40:44,2026-05-23T05:40:54,41.279692573867734,2.0700505882765534,31538.780711098636,18296.475045313444,1061.5170666666668,177.0,-0.352,-127.089844,-115.312,1.6772861890710535,roll+hdg,False,,,DUQQI1C,A321,M,2026-05-23T05:40:44,173.0,800.0,226.0,3000.0,53.0,NADP2,30.0,2026-05-23T05:40:49.827205882,2026-05-23T05:41:53.411145833
VLG68LT,VLG,24L,2026-05-23T05:42:15,OLOXO1C,MISMA_SID_G1,A321,M,R,2026-05-23T05:41:53,2026-05-23T05:45:00,2026-05-23T05:42:00,False,OLOXO1C,A321,2026-05-23T05:42:15,True,2026-05-23T05:42:21.093466284,41.28236882726165,2.0743293789310595,456.6784715444592,152.0,-111.445312,0.0035880302019199355,True,2026-05-23T05:42:17,VLG76GZ,2026-05-23T05:40:44,2026-05-23T05:42:15,DUQQI1C,OLOXO1C,MISMA_SID_G1,MISMA_SID_G1,A321,A321,M,M,R,R,True,2026-05-23T05:42:00,2026-05-23T05:41:53,True,True,,4.691246798481562,3243.415466666667,False,4.404014323178338,2961.2874666666667,False,,,4.691246798481562,91.0,,,4.404014323178338,,5.0,4.691246798481562,True,OLOXO1C,A321,2026-05-23T05:42:15,2026-05-23T05:42:17,41.28354381062834,2.077898772369023,32192.488983368534,18727.448519302296,278.3666666666667,157.0,-0.527,-110.742188,-114.609,1.2579966799871416,roll+hdg,False,,,OLOXO1C,A321,M,2026-05-23T05:42:15,150.0,800.0,215.0,3000.0,65.0,NADP2,30.0,2026-05-23T05:42:28.962119461,2026-05-23T05:43:57.121839285
VLG5YL,VLG,24L,2026-05-23T05:43:25,LOTOS1C,MISMA_SID_G2,A320,M,R,2026-05-23T05:43:09,2026-05-23T05:46:08,2026-05-23T05:43:12,False,LOTOS1C,A320,2026-05-23T05:43:25,True,2026-05-23T05:43:32.862748625,41.282277169059,2.0743623929716932,425.1332557415628,159.54900549855395,-116.6911909471292,0.002113213915639075,False,2026-05-23T05:43:41,VLG68LT,2026-05-23T05:42:15,2026-05-23T05:43:25,OLOXO1C,LOTOS1C,MISMA_SID_G1,MISMA_SID_G2,A321,A320,M,M,R,R,False,2026-05-23T05:43:12,2026-05-23T05:43:09,True,True,,2.961587341496221,1924.3258666666666,False,2.913607268071946,1879.5258666666666,False,,,2.961587341496221,72.0,,,2.913607268071946,,3.0,2.961587341496221,True,LOTOS1C,A320,2026-05-23T05:43:25,2026-05-23T05:43:41,41.279202464538024,2.066972177174966,31281.859492307438,18240.882738979377,780.4786666666666,162.0,-2.812,-126.5625,-115.137,1.8149829563119495,roll+hdg,False,,,LOTOS1C,A320,M,2026-05-23T05:43:25,162.0,800.0,226.0609207032918,3000.0,64.0609207032918,NADP2,30.0,2026-05-23T05:43:41.457531249,2026-05-23T05:45:00.060920703
RYR2SY,RYR,24L,2026-05-23T05:44:36,DUQQI1C,MISMA_SID_G1,B738,M,R,2026-05-23T05:44:17,2026-05-23T05:47:00,2026-05-23T05:44:20,False,DUQQI1C,B738,2026-05-23T05:44:36,True,2026-05-23T05:44:43,41.2819569759278,2.074525016822839,467.28080000000136,149.0,-114.785156,0.02268140796218849,False,2026-05-23T05:44:49,VLG5YL,2026-05-23T05:43:25,2026-05-23T05:44:36,LOTOS1C,DUQQI1C,MISMA_SID_G2,MISMA_SID_G1,A320,B738,M,M,R,R,False,2026-05-23T05:44:20,2026-05-23T05:44:17,True,True,,2.9475869236153707,1757.877333333332,False,2.8870212700360587,1701.877333333332,False,,,2.9475869236153707,68.0,,,2.8870212700360587,,3.0,2.9475869236153707,True,DUQQI1C,B738,2026-05-23T05:44:36,2026-05-23T05:44:49,41.27966577017315,2.0695861734617,31499.999733566678,18293.32661819439,664.5976000000013,150.0,-1.758,-127.089844,-117.598,1.69675466395428,roll+hdg,False,,,DUQQI1C,B738,M,2026-05-23T05:44:36,152.27105535320817,800.0,196.0,3000.0,43.72894464679183,NADP2,30.0,2026-05-23T05:44:52.567763838,2026-05-23T05:45:56.761505790
VLG2QW,VLG,24L,2026-05-23T05:45:52,LOTOS1C,MISMA_SID_G2,A320,M,R,2026-05-23T05:45:29,2026-05-23T05:48:28,2026-05-23T05:45:35,False,LOTOS1C,A320,2026-05-23T05:45:52,True,2026-05-23T05:45:55.955100751,41.282306224391455,2.0743516254327625,365.56563205464397,165.0,-111.796875,0.0003024275306046962,False,2026-05-23T05:46:02,RYR2SY,2026-05-23T05:44:36,2026-05-23T05:45:52,DUQQI1C,LOTOS1C,MISMA_SID_G1,MISMA_SID_G2,B738,A320,M,M,R,R,False,2026-05-23T05:45:35,2026-05-23T05:45:29,True,True,,3.12509042381101,1940.965866666668,False,2.976560217809683,1744.6426666666682,False,,,3.12509042381101,75.0,,,2.976560217809683,,3.0,3.12509042381101,False,LOTOS1C,A320,2026-05-23T05:45:52,2026-05-23T05:46:02,41.28034508931774,2.0687651870423784,31431.090488721777,18368.543230254832,632.6333333333333,158.0,-11.426,-112.675781,-117.773,1.7126337487325924,roll,False,,,LOTOS1C,A320,M,2026-05-23T05:45:52,159.0,800.0,231.32089552238807,3000.0,72.32089552238807,NADP2,30.0,2026-05-23T05:46:05.791088235,2026-05-23T05:47:28.320895522
VLG3TC,VLG,24L,2026-05-23T05:46:58,DUQQI1C,MISMA_SID_G1,A321,M,R,2026-05-23T05:46:45,2026-05-23T05:49:52,2026-05-23T05:46:49,False,DUQQI1C,A321,2026-05-23T05:46:58,True,2026-05-23T05:47:10.473351781,41.2821939347938,2.074391234294241,517.8850731052095,150.0,-111.09375,0.007277151170428791,False,2026-05-23T05:47:14,VLG2QW,2026-05-23T05:45:52,2026-05-23T05:46:58,LOTOS1C,DUQQI1C,MISMA_SID_G2,MISMA_SID_G1,A320,A321,M,M,R,R,False,2026-05-23T05:46:49,2026-05-23T05:46:45,True,True,,3.122572602800409,1959.8869333333332,False,3.062896695122221,1910.9312,False,,,3.122572602800409,74.0,,,3.062896695122221,,3.0,3.122572602800409,False,DUQQI1C,A321,2026-05-23T05:46:58,2026-05-23T05:47:14,41.28110737366302,2.0713959778543103,31650.484210526956,18454.231654927684,630.7922666666667,146.0,-28.828,-113.554688,-146.777,1.5856757368582317,roll,False,,,DUQQI1C,A321,M,2026-05-23T05:46:58,148.0,800.0,229.80780450451545,3000.0,81.80780450451545,NADP2,30.0,2026-05-23T05:47:18.905172131,2026-05-23T05:48:44.807804504
VLG84ZE,VLG,24L,2026-05-23T05:48:34,NATPI1C,MISMA_SID_G1,A320,M,R,2026-05-23T05:48:21,2026-05-23T05:51:12,2026-05-23T05:48:22,False,NATPI1C,A320,2026-05-23T05:48:34,True,2026-05-23T05:48:43.511185492,41.282141004100325,2.0744124742941352,305.9692477008292,165.0,-111.445312,0.010595136066238004,False,2026-05-23T05:48:57,VLG3TC,2026-05-23T05:46:58,2026-05-23T05:48:34,DUQQI1C,NATPI1C,MISMA_SID_G1,MISMA_SID_G1,A321,A320,M,M,R,R,True,2026-05-23T05:48:22,2026-05-23T05:48:21,True,True,,4.35333011777679,1975.0805333333333,False,4.316373930313682,1933.4805333333331,False,,,4.35333011777679,93.0,,,4.316373930313682,,5.0,4.35333011777679,True,NATPI1C,A320,2026-05-23T05:48:34,2026-05-23T05:48:57,41.277116111129125,2.062173556437102,30881.985355129626,18007.25180827715,899.9357333333334,164.0,-4.57,-124.804688,-115.84,2.06444057197316,roll+hdg,False,,,NATPI1C,A320,M,2026-05-23T05:48:34,163.0,800.0,213.0,3000.0,50.0,NADP2,30.0,2026-05-23T05:48:54.709946428,2026-05-23T05:50:07.680527173
VLG1YW,VLG,24L,2026-05-23T05:49:49,AGENA1C,MISMA_SID_G3,A320,M,R,2026-05-23T05:49:33,2026-05-23T05:52:23,2026-05-23T05:49:37,False,AGENA1C,A320,2026-05-23T05:49:49,True,2026-05-23T05:49:58.597083902,41.28237593191198,2.0743277847467723,456.6773158942682,160.0,-111.269531,0.004018867883648238,False,2026-05-23T05:50:05,VLG84ZE,2026-05-23T05:48:34,2026-05-23T05:49:49,NATPI1C,AGENA1C,MISMA_SID_G1,MISMA_SID_G3,A320,A320,M,M,R,R,False,2026-05-23T05:49:37,2026-05-23T05:49:33,True,True,,3.317040356381101,1947.2261333333333,False,3.2391761493999676,1819.3850666666667,False,,,3.317040356381101,75.0,,,3.2391761493999676,,3.0,3.317040356381101,False,AGENA1C,A320,2026-05-23T05:49:49,2026-05-23T05:50:05,41.2800856661974,2.068715952818633,31427.102781632515,18339.68744499419,727.9112,155.0,-1.582,-123.925781,-114.258,1.7211910769561274,roll+hdg,False,,,AGENA1C,A320,M,2026-05-23T05:49:49,155.0,800.0,230.0,3000.0,75.0,NADP2,30.0,2026-05-23T05:50:06.628512048,2026-05-23T05:51:26.901107594
VLG6FZ,VLG,24L,2026-05-23T05:51:36,DUQQI1C,MISMA_SID_G1,A320,M,R,2026-05-23T05:51:16,2026-05-23T05:53:59,2026-05-23T05:51:20,False,DUQQI1C,A320,2026-05-23T05:51:36,True,2026-05-23T05:51:41.522222647,41.282165121863436,2.074402427936154,363.4190724904715,162.0,-110.917969,0.00907883620200677,True,2026-05-23T05:51:41,VLG1YW,2026-05-23T05:49:49,2026-05-23T05:51:36,AGENA1C,DUQQI1C,MISMA_SID_G3,MISMA_SID_G1,A320,A320,M,M,R,R,False,2026-05-23T05:51:20,2026-05-23T05:51:16,True,True,,4.885346507901622,2679.6842666666666,False,4.732238411582519,2479.128,False,,,4.885346507901622,103.0,,,4.732238411582519,,3.0,4.885346507901622,False,DUQQI1C,A320,2026-05-23T05:51:36,2026-05-23T05:51:41,41.28233881822355,2.07488609757485,31941.425926470638,18592.39320414156,338.0738666666667,162.0,3.34,-110.917969,-115.312,1.4117136646408366,roll+hdg,False,,,DUQQI1C,A320,M,2026-05-23T05:51:36,158.0,800.0,213.0,3000.0,55.0,NADP2,30.0,2026-05-23T05:51:50.778505434,2026-05-23T05:53:03.894726912
VLG9VG,VLG,24L,2026-05-23T05:52:36,AGENA1C,MISMA_SID_G3,A321,M,R,2026-05-23T05:52:16,2026-05-23T05:55:19,2026-05-23T05:52:21,False,AGENA1C,A321,2026-05-23T05:52:36,True,2026-05-23T05:52:42.883797019,41.28218571379132,2.0743949458601207,432.1782569129204,159.0,-112.148438,0.007797234727642266,False,2026-05-23T05:52:50,VLG6FZ,2026-05-23T05:51:36,2026-05-23T05:52:36,DUQQI1C,AGENA1C,MISMA_SID_G1,MISMA_SID_G3,A320,A321,M,M,R,R,False,2026-05-23T05:52:21,2026-05-23T05:52:16,True,True,,2.6031278595217024,1742.9605333333334,False,2.5478170661785513,1676.4928,False,,,2.6031278595217024,61.0,,,2.5478170661785513,,3.0,2.6031278595217024,True,AGENA1C,A321,2026-05-23T05:52:36,2026-05-23T05:52:50,41.279311937356084,2.0684576904431045,31405.89254357135,18253.590308091072,698.74,155.0,-21.27,-120.058594,-157.324,1.7518127950675768,roll,False,,,AGENA1C,A321,M,2026-05-23T05:52:36,155.0,800.0,225.0,3000.0,70.0,NADP2,30.0,2026-05-23T05:52:52.531499999,2026-05-23T05:54:16.218937499
VLG94PH,VLG,24L,2026-05-23T05:54:02,AGENA1C,MISMA_SID_G3,A320,M,R,2026-05-23T05:53:44,2026-05-23T05:56:31,2026-05-23T05:53:49,False,AGENA1C,A320,2026-05-23T05:54:02,True,2026-05-23T05:54:09.469479687,41.28223710052658,2.0743772137010366,468.7227691780487,160.0,-111.972656,0.004610145176003416,False,2026-05-23T05:54:13,VLG9VG,2026-05-23T05:52:36,2026-05-23T05:54:02,AGENA1C,AGENA1C,MISMA_SID_G3,MISMA_SID_G3,A321,A320,M,M,R,R,True,2026-05-23T05:53:49,2026-05-23T05:53:44,True,True,,3.7943959048245914,2171.3664,False,3.663071429492583,2079.058666666667,False,,,3.7943959048245914,88.0,,,3.663071429492583,,5.0,3.7943959048245914,True,AGENA1C,A320,2026-05-23T05:54:02,2026-05-23T05:54:13,41.28076568043944,2.0714710443027786,31656.91454837064,18416.277976071073,620.7261333333333,,-13.711,,-159.785,1.5913648384566081,roll,False,,,AGENA1C,A320,M,2026-05-23T05:54:02,,,210.0,3000.0,,,30.0,,2026-05-23T05:55:31.529277834
VLG44WK,VLG,24L,2026-05-23T05:55:18,OLOXO1C,MISMA_SID_G1,A321,M,R,2026-05-23T05:55:00,2026-05-23T05:57:59,2026-05-23T05:55:05,False,OLOXO1C,A321,2026-05-23T05:55:18,True,2026-05-23T05:55:26.634207936,41.28226159754246,2.074367102677832,464.18104634189433,161.0,-112.5,0.003071332434549829,False,2026-05-23T05:55:36,VLG94PH,2026-05-23T05:54:02,2026-05-23T05:55:18,AGENA1C,OLOXO1C,MISMA_SID_G3,MISMA_SID_G1,A320,A321,M,M,R,R,False,2026-05-23T05:55:05,2026-05-23T05:55:00,True,True,,3.349592249558514,2054.5594666666666,False,3.2204392849843955,1956.5776,False,,,3.349592249558514,76.0,,,3.2204392849843955,,3.0,3.349592249558514,False,OLOXO1C,A321,2026-05-23T05:55:18,2026-05-23T05:55:36,41.27890334973122,2.0663084181074085,31226.55452538557,18207.3948817851,876.9762666666667,156.0,0.527,-130.078125,-114.785,1.8497503034019775,roll+hdg,False,,,OLOXO1C,A321,M,2026-05-23T05:55:18,154.0,800.0,224.0,3000.0,70.0,NADP2,30.0,2026-05-23T05:55:34.050410112,2026-05-23T05:56:56.886443661
VLG2GP,VLG,24L,2026-05-23T05:56:28,LARPA1C,MISMA_SID_G2,A320,M,R,2026-05-23T05:56:12,2026-05-23T05:58:55,2026-05-23T05:56:15,False,LARPA1C,A320,2026-05-23T05:56:28,True,2026-05-23T05:56:36.565322328,41.28226355620629,2.074367817529343,461.402387497261,156.0,-113.203125,0.002966231180045047,False,2026-05-23T05:56:37,VLG44WK,2026-05-23T05:55:18,2026-05-23T05:56:28,OLOXO1C,LARPA1C,MISMA_SID_G1,MISMA_SID_G2,A321,A320,M,M,R,R,False,2026-05-23T05:56:15,2026-05-23T05:56:12,True,True,,2.944162155590847,1918.9141333333334,False,2.8859351092114376,1856.5141333333333,False,,,2.944162155590847,70.0,,,2.8859351092114376,,3.0,2.944162155590847,True,LARPA1C,A320,2026-05-23T05:56:28,2026-05-23T05:56:37,41.282115447582775,2.073972516286419,31865.22096817586,18567.228764402214,482.9624,156.0,-5.273,-113.203125,-116.191,1.4547610460788811,roll,False,,,LARPA1C,A320,M,2026-05-23T05:56:28,156.40528921568628,800.0,212.0,3000.0,55.59471078431372,NADP2,30.0,2026-05-23T05:56:43.405289215,2026-05-23T05:57:53.828772727
VLG73LA,VLG,24L,2026-05-23T05:57:59,LARPA1C,MISMA_SID_G2,A20N,M,R,2026-05-23T05:57:40,2026-05-23T06:00:27,2026-05-23T05:57:46,False,LARPA1C,A20N,2026-05-23T05:57:59,True,2026-05-23T05:58:08,41.282082343380004,2.0747617802400002,662.5442666666667,147.0,-123.046875,0.023104883507184534,False,2026-05-23T05:58:08,VLG2GP,2026-05-23T05:56:28,2026-05-23T05:57:59,LARPA1C,LARPA1C,MISMA_SID_G2,MISMA_SID_G2,A320,A20N,M,M,R,R,True,2026-05-23T05:57:46,2026-05-23T05:57:40,True,True,,4.112844556418629,2537.1744,False,3.925502024188062,2223.592,False,,,4.112844556418629,91.0,,,3.925502024188062,,5.0,4.112844556418629,True,LARPA1C,A20N,2026-05-23T05:57:59,2026-05-23T05:58:08,41.282082343380004,2.0747617802400002,31931.167213052573,18563.837323084193,662.5442666666667,147.0,-0.703,-123.046875,-114.785,1.4233236821085284,roll+hdg,False,,,LARPA1C,A20N,M,2026-05-23T05:57:59,147.42847488584476,800.0,222.0,3000.0,74.57152511415524,NADP2,30.0,2026-05-23T05:58:11.142824961,2026-05-23T05:59:22.760318181
EJU86XG,EJU,24L,2026-05-23T05:59:15,AGENA1C,MISMA_SID_G3,A319,M,R,2026-05-23T05:59:00,2026-05-23T06:01:35,2026-05-23T05:59:02,False,AGENA1C,A319,2026-05-23T05:59:15,True,2026-05-23T05:59:24.099963192,41.28214854934416,2.074408632414671,442.5466258521371,150.0,-113.027344,0.010112433831665418,False,2026-05-23T05:59:35,VLG73LA,2026-05-23T05:57:59,2026-05-23T05:59:15,LARPA1C,AGENA1C,MISMA_SID_G2,MISMA_SID_G3,A20N,A319,M,M,R,R,False,2026-05-23T05:59:02,2026-05-23T05:59:00,True,True,,3.2989003220339574,2319.2010666666665,False,3.234910867587928,2266.9344,False,,,3.2989003220339574,76.0,,,3.234910867587928,,3.0,3.2989003220339574,False,AGENA1C,A319,2026-05-23T05:59:15,2026-05-23T05:59:35,41.27753839102963,2.0658826465242446,31191.63750576824,18055.5151109135,882.5549333333333,,-23.203,,-162.246,1.9036406529645409,roll,False,,,AGENA1C,A319,M,2026-05-23T05:59:15,,,208.0,3000.0,,,30.0,,2026-05-23T06:00:42.850196629
BAW47C,BAW,24L,2026-05-23T06:00:21,DUQQI1C,MISMA_SID_G1,A319,M,R,2026-05-23T06:00:04,2026-05-23T06:03:27,2026-05-23T06:00:06,False,DUQQI1C,A319,2026-05-23T06:00:21,True,2026-05-23T06:00:27.952011560,41.28212456280853,2.074421040931302,442.1627552223531,150.14396531755568,-112.78407825739578,0.011650051648387278,False,2026-05-23T06:00:36,EJU86XG,2026-05-23T05:59:15,2026-05-23T06:00:21,AGENA1C,DUQQI1C,MISMA_SID_G3,MISMA_SID_G1,A319,A319,M,M,R,R,False,2026-05-23T06:00:06,2026-05-23T06:00:04,True,True,,2.579165729779174,1816.5408,False,2.5522844106396003,1765.3408,False,,,2.579165729779174,64.0,,,2.5522844106396003,,3.0,2.579165729779174,True,DUQQI1C,A319,2026-05-23T06:00:21,2026-05-23T06:00:36,41.27945217220441,2.067655314078156,31338.806109576148,18268.886155254055,768.3,149.0,-1.582,-121.464844,-115.312,1.7807075865260353,roll+hdg,False,,,DUQQI1C,A319,M,2026-05-23T06:00:21,149.0,800.0,143.0,3000.0,-6.0,NADP1,30.0,2026-05-23T06:00:36.762019230,2026-05-23T06:01:41.797866071
VLG5RP,VLG,24L,2026-05-23T06:02:02,OLOXO1C,MISMA_SID_G1,A21N,M,R,2026-05-23T06:01:44,2026-05-23T06:04:34,2026-05-23T06:01:47,False,OLOXO1C,A21N,2026-05-23T06:02:02,True,2026-05-23T06:02:08.374123411,41.28223318982921,2.0743784733780686,466.6557313695407,153.0,-113.378906,0.004851607681679611,False,2026-05-23T06:02:16,BAW47C,2026-05-23T06:00:21,2026-05-23T06:02:02,DUQQI1C,OLOXO1C,MISMA_SID_G1,MISMA_SID_G1,A319,A21N,M,M,R,R,True,2026-05-23T06:01:47,2026-05-23T06:03:27,True,True,,3.8907824870476975,3132.6853333333333,False,3.5288616842814347,3275.0021333333334,False,,,3.8907824870476975,101.0,,,3.5288616842814347,,5.0,3.8907824870476975,True,OLOXO1C,A21N,2026-05-23T06:02:02,2026-05-23T06:02:16,41.27944567809901,2.0680074793161607,31368.22739995202,18268.291230603983,719.7816,153.0,0.0,-127.617188,-115.137,1.7665493348988424,roll+hdg,False,,,OLOXO1C,A21N,M,2026-05-23T06:02:02,153.0,800.0,234.0,3000.0,81.0,NADP2,30.0,2026-05-23T06:02:18.278931818,2026-05-23T06:03:35.470438679
VLG6LC,VLG,24L,2026-05-23T06:03:23,DALIN1C,MISMA_SID_G3,A321,M,R,2026-05-23T06:03:00,2026-05-23T06:05:54,2026-05-23T06:03:03,False,DALIN1C,A321,2026-05-23T06:03:23,True,2026-05-23T06:03:24.509169072,41.282251772728905,2.074370766988452,433.89069584831583,158.0,-111.445312,0.003683854115056973,False,2026-05-23T06:03:32,VLG5RP,2026-05-23T06:02:02,2026-05-23T06:03:23,OLOXO1C,DALIN1C,MISMA_SID_G1,MISMA_SID_G3,A21N,A321,M,M,R,R,False,2026-05-23T06:03:03,2026-05-23T06:03:00,True,True,,3.4292932198167456,1816.0170666666666,False,3.347631659805011,1764.8170666666665,False,,,3.4292932198167456,76.0,,,3.347631659805011,,3.0,3.4292932198167456,False,DALIN1C,A321,2026-05-23T06:03:23,2026-05-23T06:03:32,41.27963500493311,2.067782517856791,31349.34408487616,18289.255703193674,775.4168,155.0,-0.176,-121.816406,-114.434,1.7708157117484407,roll+hdg,False,,,DALIN1C,A321,M,2026-05-23T06:03:23,155.0,800.0,221.0,3000.0,66.0,NADP2,30.0,2026-05-23T06:03:32.640187499,2026-05-23T06:04:52.517680232
VLG91MM,VLG,24L,2026-05-23T06:04:28,DUQQI1C,MISMA_SID_G1,A320,M,R,2026-05-23T06:04:15,2026-05-23T06:06:50,2026-05-23T06:04:18,False,DUQQI1C,A320,2026-05-23T06:04:28,True,2026-05-23T06:04:38.687835212,41.2821718041628,2.074400725777537,404.19670541584554,164.0,-112.148438,0.008671528657312704,False,2026-05-23T06:04:41,VLG6LC,2026-05-23T06:03:23,2026-05-23T06:04:28,DALIN1C,DUQQI1C,MISMA_SID_G3,MISMA_SID_G1,A321,A320,M,M,R,R,False,2026-05-23T06:04:18,2026-05-23T06:04:15,True,True,,3.187601991469364,1827.7413333333334,False,3.1208754821475524,1774.9413333333334,False,,,3.187601991469364,75.0,,,3.1208754821475524,,3.0,3.187601991469364,False,DUQQI1C,A320,2026-05-23T06:04:28,2026-05-23T06:04:41,41.28138019035928,2.072294225449102,31725.385609062556,18484.88516051253,509.6488,162.0,-15.645,-113.554688,-117.773,1.5420195387697408,roll,False,,,DUQQI1C,A320,M,2026-05-23T06:04:28,162.0,800.0,213.0,3000.0,51.0,NADP2,30.0,2026-05-23T06:04:46.789527173,2026-05-23T06:05:53.291413265
DLH98Y,DLH,24L,2026-05-23T06:05:39,AGENA1C,MISMA_SID_G3,A320,M,R,2026-05-23T06:05:19,2026-05-23T06:08:22,2026-05-23T06:05:24,False,AGENA1C,A320,2026-05-23T06:05:39,True,2026-05-23T06:05:45.502987895,41.282214033811286,2.0743827235317127,401.60615020924536,162.0,-112.5,0.006012657114999812,False,2026-05-23T06:05:56,VLG91MM,2026-05-23T06:04:28,2026-05-23T06:05:39,DUQQI1C,AGENA1C,MISMA_SID_G1,MISMA_SID_G3,A320,A320,M,M,R,R,False,2026-05-23T06:05:24,2026-05-23T06:05:19,True,True,,2.966011443489478,1871.0165333333332,False,2.8669714527819505,1738.6976,False,,,2.966011443489478,66.0,,,2.8669714527819505,,3.0,2.966011443489478,True,AGENA1C,A320,2026-05-23T06:05:39,2026-05-23T06:05:56,41.278373977581126,2.0651364118669826,31128.89982803277,18148.131035552786,862.1224,158.0,0.0,-128.847656,-114.434,1.9111853472267812,roll+hdg,False,,,AGENA1C,A320,M,2026-05-23T06:05:39,158.0,800.0,215.0,3000.0,57.0,NADP2,30.0,2026-05-23T06:05:54.418854651,2026-05-23T06:07:12.935946428
DLH97F,DLH,24L,2026-05-23T06:07:05,DALIN1C,MISMA_SID_G3,A321,M,R,2026-05-23T06:06:47,2026-05-23T06:09:38,2026-05-23T06:06:50,False,DALIN1C,A321,2026-05-23T06:07:05,True,2026-05-23T06:07:11.096518990,41.282197278149816,2.0743941506906864,502.46473935708985,155.0,-114.082031,0.007118964051874013,False,2026-05-23T06:07:12,DLH98Y,2026-05-23T06:05:39,2026-05-23T06:07:05,AGENA1C,DALIN1C,MISMA_SID_G3,MISMA_SID_G3,A320,A321,M,M,R,R,True,2026-05-23T06:06:50,2026-05-23T06:06:47,True,True,,3.7316931030364286,2125.117333333333,False,3.6433038048993835,2078.7173333333335,False,,,3.7316931030364286,86.0,,,3.6433038048993835,,5.0,3.7316931030364286,True,DALIN1C,A321,2026-05-23T06:07:05,2026-05-23T06:07:12,41.28188098766222,2.0735786644033114,31832.43579174313,18541.02210379358,537.6402666666667,155.0,-20.215,-114.082031,-117.773,1.4767933086800595,roll,False,,,DALIN1C,A321,M,2026-05-23T06:07:05,158.46018164667183,800.0,202.14725343206436,3000.0,43.68707178539253,NADP2,30.0,2026-05-23T06:07:18.460181646,2026-05-23T06:08:26.573626716
THY1852,THY,24L,2026-05-23T06:08:30,DIPES1C,MISMA_SID_G3,B738,M,R,2026-05-23T06:08:11,2026-05-23T06:11:02,2026-05-23T06:08:16,False,DIPES1C,B738,2026-05-23T06:08:30,True,2026-05-23T06:08:36.403854116,41.28206210629843,2.074439297952848,295.70915320285474,171.0,-113.203125,0.01548373911653741,False,2026-05-23T06:08:44,DLH97F,2026-05-23T06:07:05,2026-05-23T06:08:30,DALIN1C,DIPES1C,MISMA_SID_G3,MISMA_SID_G3,A321,B738,M,M,R,R,True,2026-05-23T06:08:16,2026-05-23T06:08:11,True,True,,3.784221520007024,2662.416533333333,False,3.6350275309356688,2509.352533333333,False,,,3.784221520007024,86.0,,,3.6350275309356688,,5.0,3.784221520007024,True,DIPES1C,B738,2026-05-23T06:08:30,2026-05-23T06:08:44,41.27936052518052,2.0671564363488306,31297.175049727757,18258.520110547062,645.5,168.0,-17.93,-114.960938,-117.598,1.8033987202669555,roll,False,,,DIPES1C,B738,M,2026-05-23T06:08:30,172.0,800.0,168.0,3000.0,-4.0,NADP1,30.0,2026-05-23T06:08:48.421085937,2026-05-23T06:09:42.591321462
VLG700D,VLG,24L,2026-05-23T06:10:27,AGENA1C,MISMA_SID_G3,A320,M,R,2026-05-23T06:10:07,2026-05-23T06:12:30,2026-05-23T06:10:11,False,AGENA1C,A320,2026-05-23T06:10:27,True,2026-05-23T06:10:32.568554805,41.282146667130554,2.0744112533652665,568.4260060440807,156.0,-114.960938,0.010252791310155496,True,2026-05-23T06:10:32,THY1852,2026-05-23T06:08:30,2026-05-23T06:10:27,DIPES1C,AGENA1C,MISMA_SID_G3,MISMA_SID_G3,B738,A320,M,M,R,R,True,2026-05-23T06:10:11,2026-05-23T06:10:07,True,True,,5.063939366931858,3711.0357333333336,False,4.934191052388105,3632.104,False,,,5.063939366931858,115.0,,,4.934191052388105,,5.0,5.063939366931858,False,AGENA1C,A320,2026-05-23T06:10:27,2026-05-23T06:10:32,41.282335792299676,2.0749189886627315,31944.174573455322,18592.069186265122,539.316,156.0,-15.293,-114.960938,-117.773,1.4104437526622136,roll,False,,,AGENA1C,A320,M,2026-05-23T06:10:27,156.0,800.0,212.43959768970325,3000.0,56.43959768970325,NADP2,30.0,2026-05-23T06:10:37.077955445,2026-05-23T06:11:38.439597689
VLG6ZP,VLG,24L,2026-05-23T06:12:08,OLOXO1C,MISMA_SID_G1,A20N,M,R,2026-05-23T06:11:47,2026-05-23T06:14:22,2026-05-23T06:11:52,False,OLOXO1C,A20N,2026-05-23T06:12:08,True,2026-05-23T06:12:13.455372424,41.28223793689655,2.0743767105840734,603.6208832496982,152.0,-113.730469,0.004555705082265241,False,2026-05-23T06:12:19,VLG700D,2026-05-23T06:10:27,2026-05-23T06:12:08,AGENA1C,OLOXO1C,MISMA_SID_G3,MISMA_SID_G1,A320,A20N,M,M,R,R,False,2026-05-23T06:11:52,2026-05-23T06:11:47,True,True,,4.852685609086318,3802.295466666667,False,4.658674314655107,3516.1354666666666,False,,,4.852685609086318,101.0,,,4.658674314655107,,3.0,4.852685609086318,False,OLOXO1C,A20N,2026-05-23T06:12:08,2026-05-23T06:12:19,41.2802227086251,2.069871088167369,31523.53154217803,18355.338581044893,843.0344,151.0,0.527,-129.726562,-114.961,1.6705544086000286,roll+hdg,False,,,OLOXO1C,A20N,M,2026-05-23T06:12:08,152.0,800.0,217.59588156672632,3000.0,65.59588156672632,NADP2,30.0,2026-05-23T06:12:17.827289772,2026-05-23T06:13:26.398970391
NSZ3DA,NSZ,24L,2026-05-23T06:13:13,DALIN1C,MISMA_SID_G3,B738,M,R,2026-05-23T05:53:05,2026-05-23T06:16:13,2026-05-23T06:13:02,False,DALIN1C,B738,2026-05-23T06:13:13,True,2026-05-23T06:13:23.171397451,41.28217494839313,2.074398970186351,229.52945016958293,169.0,-111.972656,0.008468577337451658,False,2026-05-23T06:13:32,VLG6ZP,2026-05-23T06:12:08,2026-05-23T06:13:13,OLOXO1C,DALIN1C,MISMA_SID_G1,MISMA_SID_G3,A20N,B738,M,M,R,R,False,2026-05-23T06:13:02,2026-05-23T06:11:49,True,True,,2.9916261743941988,2237.1514666666653,False,0.05435083236717937,50.3832,True,,,2.9916261743941988,70.0,,,0.05435083236717937,,3.0,2.9916261743941988,True,DALIN1C,B738,2026-05-23T06:13:13,2026-05-23T06:13:32,41.278873571409996,2.06594069266,31195.848536925787,18203.954165796742,589.7714666666681,169.0,-21.094,-118.652344,-123.75,1.865492363131977,roll,False,,,DALIN1C,B738,M,2026-05-23T06:13:13,169.0,800.0,210.84030164282143,3000.0,41.84030164282143,NADP2,30.0,2026-05-23T06:13:37.716626760,2026-05-23T06:14:58.840301642
VLG8VX,VLG,24L,2026-05-23T06:14:39,DIPES1C,MISMA_SID_G3,A320,M,R,2026-05-23T06:14:23,2026-05-23T06:17:41,2026-05-23T06:14:26,False,DIPES1C,A320,2026-05-23T06:14:39,True,2026-05-23T06:14:46.501607166,41.28218823009422,2.074393783509031,386.76734485952943,164.49517850147495,-113.55581753871681,0.007637722764770477,False,2026-05-23T06:14:55,NSZ3DA,2026-05-23T06:13:13,2026-05-23T06:14:39,DALIN1C,DIPES1C,MISMA_SID_G3,MISMA_SID_G3,B738,A320,M,M,R,R,True,2026-05-23T06:14:26,2026-05-23T06:14:23,True,True,,3.7383656344449587,1848.8896000000013,False,3.6545958358512736,1775.2896000000014,False,,,3.7383656344449587,84.0,,,3.6545958358512736,,5.0,3.7383656344449587,True,DIPES1C,A320,2026-05-23T06:14:39,2026-05-23T06:14:55,41.2791858805339,2.0666738593825533,31256.94641540746,18238.932442781002,801.7170666666667,159.0,0.879,-125.15625,-115.488,1.827565691168977,roll+hdg,False,,,DIPES1C,A320,M,2026-05-23T06:14:39,159.0,800.0,202.0,3000.0,43.0,NADP2,30.0,2026-05-23T06:14:54.964439559,2026-05-23T06:16:10.028335443
IBE04GZ,IBE,24L,2026-05-23T06:15:45,SENIA1C,MISMA_SID_G2,A320,M,R,2026-05-23T06:15:27,2026-05-23T06:18:37,2026-05-23T06:15:32,False,SENIA1C,A320,2026-05-23T06:15:45,True,2026-05-23T06:15:52.759140528,41.28217680561012,2.0743982421094165,380.98916981633874,162.0,-113.203125,0.008352361063752702,False,2026-05-23T06:16:03,VLG8VX,2026-05-23T06:14:39,2026-05-23T06:15:45,DIPES1C,SENIA1C,MISMA_SID_G3,MISMA_SID_G2,A320,A320,M,M,R,R,False,2026-05-23T06:15:32,2026-05-23T06:15:27,True,True,,2.7672421953270496,1781.0197333333333,False,2.6968462007200813,1688.4186666666667,False,,,2.7672421953270496,66.0,,,2.6968462007200813,,3.0,2.7672421953270496,True,SENIA1C,A320,2026-05-23T06:15:45,2026-05-23T06:16:03,41.27842955311087,2.065712952079238,31177.036298521794,18154.51504761736,825.7128,155.0,1.406,-129.902344,-116.719,1.8863296476240963,roll+hdg,False,,,SENIA1C,A320,M,2026-05-23T06:15:45,154.0,800.0,250.0,3000.0,96.0,NADP2,30.0,2026-05-23T06:16:01.879218750,2026-05-23T06:17:34.567282608
NSZ5528,NSZ,24L,2026-05-23T06:17:05,DUQQI1C,MISMA_SID_G1,B738,M,R,2026-05-23T06:16:46,2026-05-23T06:19:33,2026-05-23T06:16:51,False,DUQQI1C,B738,2026-05-23T06:17:05,True,2026-05-23T06:17:11.942573189,41.282155477177604,2.0744033580637287,236.51788679101193,170.0,-111.972656,0.009649472291318932,False,2026-05-23T06:17:23,IBE04GZ,2026-05-23T06:15:45,2026-05-23T06:17:05,SENIA1C,DUQQI1C,MISMA_SID_G2,MISMA_SID_G1,A320,B738,M,M,R,R,False,2026-05-23T06:16:51,2026-05-23T06:16:46,True,True,,3.380518392226423,1852.9087999999986,False,3.2603109919320037,1790.1567999999986,False,,,3.380518392226423,79.0,,,3.2603109919320037,,3.0,3.380518392226423,False,DUQQI1C,B738,2026-05-23T06:17:05,2026-05-23T06:17:23,41.27760088425814,2.0639831656955874,31032.927544982136,18061.782754496446,662.5848000000013,173.0,-4.395,-128.320312,-115.137,1.9783277632904759,roll+hdg,False,,,DUQQI1C,B738,M,2026-05-23T06:17:05,173.0,800.0,222.0,3000.0,49.0,NADP2,30.0,2026-05-23T06:17:26.169559482,2026-05-23T06:18:34.372590425
VLG5WG,VLG,24L,2026-05-23T06:20:12,DUQQI1C,MISMA_SID_G1,A20N,M,R,2026-05-23T06:19:50,2026-05-23T06:22:25,2026-05-23T06:19:56,False,DUQQI1C,A20N,2026-05-23T06:20:12,True,2026-05-23T06:20:18.117246017,41.28232136548112,2.0743456263500315,579.7706236986315,144.0,-116.894531,0.0006465279345235292,False,2026-05-23T06:20:19,NSZ5528,2026-05-23T06:17:05,2026-05-23T06:20:12,DUQQI1C,DUQQI1C,MISMA_SID_G1,MISMA_SID_G1,B738,A20N,M,M,R,R,True,,,False,False,TWR no computable: precedente sin posicion en la primera deteccion del siguiente; TMA no computable: sin solape temporal dentro del filtro,,,False,,,,,,,185.0,,,,,5.0,,False,DUQQI1C,A20N,2026-05-23T06:20:12,2026-05-23T06:20:19,41.282014022612444,2.0736250365645232,31836.244712920117,18555.826882826208,618.8472,144.0,-20.918,-116.894531,-119.355,1.4715502398767242,roll,False,,,DUQQI1C,A20N,M,2026-05-23T06:20:12,144.0,800.0,207.0,3000.0,63.0,NADP2,30.0,2026-05-23T06:20:23.256230263,2026-05-23T06:21:32.289250
VLG45PN,VLG,24L,2026-05-23T06:21:38,AGENA1C,MISMA_SID_G3,A320,M,R,2026-05-23T06:21:22,2026-05-23T06:24:21,2026-05-23T06:21:27,False,AGENA1C,A320,2026-05-23T06:21:38,True,2026-05-23T06:21:48.650409393,41.28219484238638,2.0743914215166726,328.8309958806335,163.0,-112.851562,0.0072266630960045155,False,2026-05-23T06:21:58,VLG5WG,2026-05-23T06:20:12,2026-05-23T06:21:38,DUQQI1C,AGENA1C,MISMA_SID_G1,MISMA_SID_G3,A20N,A320,M,M,R,R,False,2026-05-23T06:21:27,2026-05-23T06:21:22,True,True,,4.088441693108733,2716.322133333333,False,3.9227056413012096,2465.1242666666667,False,,,4.088441693108733,91.0,,,3.9227056413012096,,3.0,4.088441693108733,False,AGENA1C,A320,2026-05-23T06:21:38,2026-05-23T06:21:58,41.27903975157011,2.0658743264757304,31190.226827075097,18222.40152311014,778.892,158.0,-0.527,-121.816406,-115.312,1.8639370741921635,roll+hdg,False,,,AGENA1C,A320,M,2026-05-23T06:21:38,158.0,800.0,230.0,3000.0,72.0,NADP2,30.0,2026-05-23T06:21:58.465617647,2026-05-23T06:23:20.859030120
VLG65MT,VLG,24L,2026-05-23T06:23:04,LOBAR1C,MISMA_SID_G1,A320,M,R,2026-05-23T06:22:46,2026-05-23T06:26:01,2026-05-23T06:22:52,False,LOBAR1C,A320,2026-05-23T06:23:04,True,2026-05-23T06:23:13.247554303,41.28218489600033,2.0743954598730303,350.4933487137281,162.7524456964073,-113.33195164883308,0.007850683111190589,False,2026-05-23T06:23:15,VLG45PN,2026-05-23T06:21:38,2026-05-23T06:23:04,AGENA1C,LOBAR1C,MISMA_SID_G3,MISMA_SID_G1,A320,A320,M,M,R,R,False,2026-05-23T06:22:52,2026-05-23T06:22:46,True,True,,3.6942244525900896,1970.8224,False,3.537321608038474,1906.2528,False,,,3.6942244525900896,85.0,,,3.537321608038474,,3.0,3.6942244525900896,False,LOBAR1C,A320,2026-05-23T06:23:04,2026-05-23T06:23:15,41.281611567945575,2.0727977916425937,31767.338116026407,18510.788401161753,430.5672,162.0,-7.207,-114.257812,-116.543,1.5155611776202293,roll,False,,,LOBAR1C,A320,M,2026-05-23T06:23:04,160.0,800.0,230.0,3000.0,70.0,NADP2,30.0,2026-05-23T06:23:23.522103658,2026-05-23T06:24:48.099844827
IBE2601,IBE,24L,2026-05-23T06:25:25,LOTOS1C,MISMA_SID_G2,A332,H,R,2026-05-23T06:25:10,2026-05-23T06:30:20,2026-05-23T06:25:11,False,LOTOS1C,A332,2026-05-23T06:25:25,True,2026-05-23T06:25:32.455120076,41.28211022908034,2.0744227986323933,192.37110648235821,164.0,-113.027344,0.012500292366348371,False,2026-05-23T06:25:42,VLG65MT,2026-05-23T06:23:04,2026-05-23T06:25:25,LOBAR1C,LOTOS1C,MISMA_SID_G1,MISMA_SID_G2,A320,A332,M,H,R,R,False,2026-05-23T06:25:11,2026-05-23T06:25:10,True,True,,7.28566823189727,4022.238933333333,False,7.246939390220267,3979.0389333333337,False,,,7.28566823189727,139.0,,,7.246939390220267,,3.0,7.28566823189727,False,LOTOS1C,A332,2026-05-23T06:25:25,2026-05-23T06:25:42,41.27875523091642,2.0654302269138647,31153.263382427,18190.61568977663,614.8301333333334,161.0,-0.176,-121.464844,-115.488,1.8893464155944202,roll+hdg,False,,,LOTOS1C,A332,H,2026-05-23T06:25:25,161.0,800.0,159.0,3000.0,-2.0,NADP1,30.0,2026-05-23T06:25:46.996630434,2026-05-23T06:27:30.741306451
VLG93DX,VLG,24L,2026-05-23T06:27:46,LARPA1C,MISMA_SID_G2,A320,M,R,2026-05-23T06:27:26,2026-05-23T06:30:20,2026-05-23T06:27:31,False,LARPA1C,A320,2026-05-23T06:27:46,True,2026-05-23T06:27:52.036557929,41.28226246926518,2.0743663202145326,402.45081149904985,162.0,-112.148438,0.0030118762252245267,False,2026-05-23T06:28:02,IBE2601,2026-05-23T06:25:25,2026-05-23T06:27:46,LOTOS1C,LARPA1C,MISMA_SID_G2,MISMA_SID_G2,A332,A320,H,M,R,R,True,2026-05-23T06:27:31,2026-05-23T06:27:26,True,True,,5.807210887067283,2979.8271999999997,False,5.681153200500662,2889.1536,False,5.0,120.0,5.807210887067283,140.0,False,5.0,5.681153200500662,False,5.0,5.807210887067283,False,LARPA1C,A320,2026-05-23T06:27:46,2026-05-23T06:28:02,41.279049130653725,2.0652862398161993,31141.094944477747,18223.23386862467,851.0749333333333,156.0,1.055,-122.695312,-114.082,1.8877571365218662,roll+hdg,False,,,LARPA1C,A320,M,2026-05-23T06:27:46,157.0,800.0,212.0,3000.0,55.0,NADP2,30.0,2026-05-23T06:28:00.533170329,2026-05-23T06:29:17.523435483
SWT7TN,SWT,24L,2026-05-23T06:29:12,LARPA1C,MISMA_SID_G2,AT72,M,NR+,2026-05-23T06:28:50,2026-05-23T06:33:24,2026-05-23T06:28:54,False,LARPA1C,AT72,2026-05-23T06:29:12,True,2026-05-23T06:29:19,41.281443902419824,2.0754433086589796,684.1943999999993,125.0,-125.507812,0.07172420375975905,True,2026-05-23T06:29:14,VLG93DX,2026-05-23T06:27:46,2026-05-23T06:29:12,LARPA1C,LARPA1C,MISMA_SID_G2,MISMA_SID_G2,A320,AT72,M,M,R,NR+,True,2026-05-23T06:28:54,2026-05-23T06:28:50,True,True,,3.4768745573589537,2060.8677333333344,False,3.378156611550794,2041.2837333333334,False,,,3.4768745573589537,83.0,,,3.378156611550794,,3.0,3.4768745573589537,False,LARPA1C,AT72,2026-05-23T06:29:12,2026-05-23T06:29:14,41.2831244737318,2.0787607511391815,32264.69718931604,18681.15524899865,495.4727999999993,130.0,-0.176,-121.992188,-116.191,1.2336444211402113,roll+hdg,False,,,LARPA1C,AT72,M,2026-05-23T06:29:12,126.0,800.0,171.0,3000.0,45.0,NADP2,30.0,2026-05-23T06:29:24.089877358,2026-05-23T06:31:10.396475609
EJU37TW,EJU,24L,2026-05-23T06:31:18,NATPI1C,MISMA_SID_G1,A319,M,R,2026-05-23T06:31:01,2026-05-23T06:33:36,2026-05-23T06:31:02,False,NATPI1C,A319,2026-05-23T06:31:18,True,2026-05-23T06:31:24.099363699,41.28214304992513,2.0744103573326393,353.4802202972081,157.0,-111.796875,0.01045148847614672,False,2026-05-23T06:31:31,SWT7TN,2026-05-23T06:29:12,2026-05-23T06:31:18,LARPA1C,NATPI1C,MISMA_SID_G2,MISMA_SID_G1,AT72,A319,M,M,NR+,R,False,2026-05-23T06:31:02,2026-05-23T06:31:01,True,True,,5.351684443124413,2788.538666666666,False,5.320722084003392,2766.671999999999,False,,,5.351684443124413,128.0,,,5.320722084003392,,6.0,5.351684443124413,True,NATPI1C,A319,2026-05-23T06:31:18,2026-05-23T06:31:31,41.279824859010596,2.068159206093572,31380.719575543608,18310.496279610423,598.8029333333334,156.0,-13.359,-115.136719,-120.586,1.7505825817725285,roll,False,,,NATPI1C,A319,M,2026-05-23T06:31:18,157.0,800.0,208.0,3000.0,51.0,NADP2,30.0,2026-05-23T06:31:36.406249999,2026-05-23T06:32:43.341642857
VLG92CD,VLG,24L,2026-05-23T06:33:09,NATPI1C,MISMA_SID_G1,A320,M,R,2026-05-23T06:32:53,2026-05-23T06:35:56,2026-05-23T06:32:56,False,NATPI1C,A320,2026-05-23T06:33:09,True,2026-05-23T06:33:17.435663428,41.282148025865006,2.0744118607809687,398.86590111256254,161.0,-113.554688,0.010181734058695747,False,2026-05-23T06:33:25,EJU37TW,2026-05-23T06:31:18,2026-05-23T06:33:09,NATPI1C,NATPI1C,MISMA_SID_G1,MISMA_SID_G1,A319,A320,M,M,R,R,True,2026-05-23T06:32:56,2026-05-23T06:32:53,True,True,,5.446145814110735,3561.908799999999,False,5.342831166045748,3411.5087999999987,False,,,5.446145814110735,114.0,,,5.342831166045748,,5.0,5.446145814110735,False,NATPI1C,A320,2026-05-23T06:33:09,2026-05-23T06:33:25,41.279461995006756,2.0674448950122746,31321.22455808216,18269.901805094345,728.4322666666667,160.0,-0.527,-121.640625,-115.84,1.7890282052525845,roll+hdg,False,,,NATPI1C,A320,M,2026-05-23T06:33:09,160.0,800.0,230.0,3000.0,70.0,NADP2,30.0,2026-05-23T06:33:26.765651315,2026-05-23T06:34:52.546432342
VLG2974,VLG,24L,2026-05-23T06:34:25,NATPI1C,MISMA_SID_G1,A20N,M,R,2026-05-23T06:34:05,2026-05-23T06:36:44,2026-05-23T06:34:10,False,NATPI1C,A20N,2026-05-23T06:34:25,True,2026-05-23T06:34:32.171407538,41.28219754197544,2.0743928879344447,619.7207831588679,150.48577738335516,-114.20742254353718,0.007087992581934516,False,2026-05-23T06:34:37,VLG92CD,2026-05-23T06:33:09,2026-05-23T06:34:25,NATPI1C,NATPI1C,MISMA_SID_G1,MISMA_SID_G1,A320,A20N,M,M,R,R,True,2026-05-23T06:34:10,2026-05-23T06:34:05,True,True,,3.25812332135576,1642.472,False,3.152168489089214,1578.4389333333334,False,,,3.25812332135576,74.0,,,3.152168489089214,,5.0,3.25812332135576,True,NATPI1C,A20N,2026-05-23T06:34:25,2026-05-23T06:34:37,41.28043290401778,2.0705309760267467,31578.554144802114,18378.94281717041,807.6072,150.0,-4.043,-129.550781,-114.785,1.6382496194975595,roll+hdg,False,,,NATPI1C,A20N,M,2026-05-23T06:34:25,149.65745677233429,800.0,215.0,3000.0,65.34254322766571,NADP2,30.0,2026-05-23T06:34:36.828728386,2026-05-23T06:35:47.009439189
TVF32PR,TVF,24L,2026-05-23T06:43:59,OLOXO1C,MISMA_SID_G1,B738,M,R,2026-05-23T06:43:44,2026-05-23T06:46:23,2026-05-23T06:43:47,False,OLOXO1C,B738,2026-05-23T06:43:59,True,2026-05-23T06:44:08.371573580,41.28211119390898,2.0744274678266956,397.73176522357096,164.11472074151797,-114.45375909823835,0.012501663262753045,False,2026-05-23T06:44:14,VLG2974,2026-05-23T06:34:25,2026-05-23T06:43:59,NATPI1C,OLOXO1C,MISMA_SID_G1,MISMA_SID_G1,A20N,B738,M,M,R,R,True,,,False,False,TWR no computable: precedente sin posicion en la primera deteccion del siguiente; TMA no computable: sin solape temporal dentro del filtro,,,False,,,,,,,577.0,,,,,5.0,,False,OLOXO1C,B738,2026-05-23T06:43:59,2026-05-23T06:44:14,41.280126783588756,2.0692888835790177,31474.94216707788,18344.466203059725,665.749066666668,164.0,-6.328,-116.191406,-116.543,1.6967493756812473,roll,False,,,OLOXO1C,B738,M,2026-05-23T06:43:59,166.0,800.0,213.0,3000.0,47.0,NADP2,30.0,2026-05-23T06:44:17.342349315,2026-05-23T06:45:22.236537234
VLG21PG,VLG,24L,2026-05-23T06:46:05,LOTOS1C,MISMA_SID_G2,A20N,M,R,2026-05-23T06:45:48,2026-05-23T06:48:43,2026-05-23T06:45:53,False,LOTOS1C,A20N,2026-05-23T06:46:05,True,2026-05-23T06:46:15.087580565,41.28233118524303,2.0743432904714303,544.747170313585,155.73725830203173,-111.69163234184525,0.0012426960986580092,False,2026-05-23T06:46:17,TVF32PR,2026-05-23T06:43:59,2026-05-23T06:46:05,OLOXO1C,LOTOS1C,MISMA_SID_G1,MISMA_SID_G2,B738,A20N,M,M,R,R,False,2026-05-23T06:45:53,2026-05-23T06:45:48,True,True,,6.259477618823636,4675.036800000002,False,6.057392161808103,4365.705066666668,False,,,6.259477618823636,126.0,,,6.057392161808103,,3.0,6.259477618823636,False,LOTOS1C,A20N,2026-05-23T06:46:05,2026-05-23T06:46:17,41.28174964595561,2.0726520085811697,31755.093525941615,18526.083559631523,594.8397333333334,153.0,-22.676,-114.257812,-116.719,1.5180788757170505,roll,False,,,LOTOS1C,A20N,M,2026-05-23T06:46:05,153.0,800.0,212.39669802349567,3000.0,59.396698023495674,NADP2,30.0,2026-05-23T06:46:21.789500,2026-05-23T06:47:31.396698023
AEA38LZ,AEA,24L,2026-05-23T06:48:42,LARPA1C,MISMA_SID_G2,B738,M,R,2026-05-23T06:48:20,2026-05-23T06:51:43,2026-05-23T06:48:22,False,LARPA1C,B738,2026-05-23T06:48:42,True,2026-05-23T06:48:44.127053812,41.28207684780282,2.0744411351545975,311.4733238112213,161.0,-115.664062,0.014653997010189643,False,2026-05-23T06:48:49,VLG21PG,2026-05-23T06:46:05,2026-05-23T06:48:42,LOTOS1C,LARPA1C,MISMA_SID_G2,MISMA_SID_G2,A20N,B738,M,M,R,R,True,2026-05-23T06:48:22,2026-05-23T06:48:20,True,True,,8.006087004475427,4864.536,False,7.893644913571646,4758.936,False,,,8.006087004475427,149.0,,,7.893644913571646,,5.0,8.006087004475427,False,LARPA1C,B738,2026-05-23T06:48:42,2026-05-23T06:48:49,41.28034869977963,2.070026778913727,31536.475585054755,18369.401087449034,522.5602666666666,161.0,-7.031,-117.070312,-117.598,1.6609581869845855,roll,False,,,LARPA1C,B738,M,2026-05-23T06:48:42,162.0,800.0,214.0,3000.0,52.0,NADP2,30.0,2026-05-23T06:48:57.402729508,2026-05-23T06:50:21.738343749
RYR2889,RYR,24L,2026-05-23T06:50:43,LARPA1C,MISMA_SID_G2,B738,M,R,2026-05-23T06:50:24,2026-05-23T06:53:43,2026-05-23T06:50:29,False,LARPA1C,B738,2026-05-23T06:50:43,True,2026-05-23T06:50:50.395328462,41.28223877178519,2.074375992082393,336.2944874088191,159.0,-113.203125,0.004498824111381698,False,2026-05-23T06:50:53,AEA38LZ,2026-05-23T06:48:42,2026-05-23T06:50:43,LARPA1C,LARPA1C,MISMA_SID_G2,MISMA_SID_G2,B738,B738,M,M,R,R,True,2026-05-23T06:50:29,2026-05-23T06:50:24,True,True,,5.746941562930867,3261.0367999999985,False,5.5369887210956605,3069.843733333332,False,,,5.746941562930867,127.0,,,5.5369887210956605,,5.0,5.746941562930867,False,LARPA1C,B738,2026-05-23T06:50:43,2026-05-23T06:50:53,41.28136356087657,2.072014499875883,31702.027410709106,18482.934458023956,431.4440000000014,160.0,-16.523,-115.3125,-117.949,1.553888308542387,roll,False,,,LARPA1C,B738,M,2026-05-23T06:50:43,164.0,800.0,205.0,3000.0,41.0,NADP2,30.0,2026-05-23T06:51:04.124172131,2026-05-23T06:52:15.390814160
VLG200Z,VLG,24L,2026-05-23T06:52:34,LARPA1C,MISMA_SID_G2,A320,M,R,2026-05-23T06:52:16,2026-05-23T06:55:18,2026-05-23T06:52:22,False,LARPA1C,A320,2026-05-23T06:52:34,True,2026-05-23T06:52:42.767064605,41.28225295259537,2.07436997840611,384.807599931239,164.0,-113.027344,0.00360633177523509,False,2026-05-23T06:52:52,RYR2889,2026-05-23T06:50:43,2026-05-23T06:52:34,LARPA1C,LARPA1C,MISMA_SID_G2,MISMA_SID_G2,B738,A320,M,M,R,R,True,2026-05-23T06:52:22,2026-05-23T06:52:16,True,True,,5.316385889767413,3223.386666666668,False,5.101109293797525,2963.6218666666678,False,,,5.316385889767413,113.0,,,5.101109293797525,,5.0,5.316385889767413,False,LARPA1C,A320,2026-05-23T06:52:34,2026-05-23T06:52:52,41.27920529770541,2.0659923526853707,31200.00672685813,18240.846227469334,852.9677333333333,159.0,-0.879,-121.992188,-115.137,1.8549064765301313,roll+hdg,False,,,LARPA1C,A320,M,2026-05-23T06:52:34,159.0,800.0,212.4878602847552,3000.0,53.487860284755186,NADP2,30.0,2026-05-23T06:52:50.924824468,2026-05-23T06:54:07.512139715
VLG57RJ,VLG,24L,2026-05-23T06:53:49,DIPES1C,MISMA_SID_G3,A320,M,R,2026-05-23T06:53:28,2026-05-23T06:56:30,2026-05-23T06:53:33,False,DIPES1C,A320,2026-05-23T06:53:49,True,2026-05-23T06:53:54.370303265,41.28219137596833,2.0743941054242874,429.03917758043644,160.0,-114.785156,0.007459291742710943,False,2026-05-23T06:54:01,VLG200Z,2026-05-23T06:52:34,2026-05-23T06:53:49,LARPA1C,DIPES1C,MISMA_SID_G2,MISMA_SID_G3,A320,A320,M,M,R,R,False,2026-05-23T06:53:33,2026-05-23T06:53:28,True,True,,2.9881215301930126,1777.7717333333333,False,2.9126602912618025,1686.9349333333334,False,,,2.9881215301930126,71.0,,,2.9126602912618025,,3.0,2.9881215301930126,True,DIPES1C,A320,2026-05-23T06:53:49,2026-05-23T06:54:01,41.27994474726481,2.068565774139684,31414.62471339691,18323.969517471345,699.5832,156.0,-26.367,-120.410156,-124.102,1.7309190091554623,roll,False,,,DIPES1C,A320,M,2026-05-23T06:53:49,156.0,800.0,210.0,3000.0,54.0,NADP2,30.0,2026-05-23T06:54:03.275231038,2026-05-23T06:55:20.515500
RYR63PB,RYR,24L,2026-05-23T06:55:15,LOTOS1C,MISMA_SID_G2,B738,M,R,2026-05-23T06:55:00,2026-05-23T06:58:10,2026-05-23T06:55:03,False,LOTOS1C,B738,2026-05-23T06:55:15,True,2026-05-23T06:55:23.984817747,41.28216293723665,2.07440341775003,305.60990763887895,168.95445324230113,-114.082031,0.009217111989347184,False,2026-05-23T06:55:32,VLG57RJ,2026-05-23T06:53:49,2026-05-23T06:55:15,DIPES1C,LOTOS1C,MISMA_SID_G3,MISMA_SID_G2,A320,B738,M,M,R,R,False,2026-05-23T06:55:03,2026-05-23T06:55:00,True,True,,3.9883227832738672,2143.050133333333,False,3.8843929589552615,2053.4501333333333,False,,,3.9883227832738672,90.0,,,3.8843929589552615,,3.0,3.9883227832738672,False,LOTOS1C,B738,2026-05-23T06:55:15,2026-05-23T06:55:32,41.27926642877481,2.0668275340174427,31269.74516708465,18247.941580907696,685.0946666666666,169.0,-0.703,-122.167969,-115.137,1.8192290654956627,roll+hdg,False,,,LOTOS1C,B738,M,2026-05-23T06:55:15,169.0,800.0,214.0,3000.0,45.0,NADP2,30.0,2026-05-23T06:55:34.534676470,2026-05-23T06:56:47.357552325
EWG81R,EWG,24L,2026-05-23T06:56:56,AGENA1C,MISMA_SID_G3,A320,M,R,2026-05-23T06:56:35,2026-05-23T06:59:26,2026-05-23T06:56:39,False,AGENA1C,A320,2026-05-23T06:56:56,True,2026-05-23T06:56:59.995164556,41.28219953537174,2.0743895487843407,491.6371578613057,156.00967088677803,-114.77835615773421,0.006932633656755449,False,2026-05-23T06:57:01,RYR63PB,2026-05-23T06:55:15,2026-05-23T06:56:56,LOTOS1C,AGENA1C,MISMA_SID_G2,MISMA_SID_G3,B738,A320,M,M,R,R,False,2026-05-23T06:56:39,2026-05-23T06:56:35,True,True,,4.312964895951602,2604.1136,False,4.187050083591095,2453.056,False,,,4.312964895951602,96.0,,,4.187050083591095,,3.0,4.312964895951602,False,AGENA1C,A320,2026-05-23T06:56:56,2026-05-23T06:57:01,41.281886059690436,2.0734972765200315,31825.634577253175,18541.55644159028,537.1373333333333,156.0,-10.371,-114.785156,-114.785,1.479998111936266,roll,False,,,AGENA1C,A320,M,2026-05-23T06:56:56,156.0,800.0,214.0,3000.0,58.0,NADP2,30.0,2026-05-23T06:57:06.823426136,2026-05-23T06:58:23.626621212
RYR4WX,RYR,24L,2026-05-23T07:03:55,OLOXO1C,MISMA_SID_G1,B38M,M,R,2026-05-23T07:03:35,2026-05-23T07:07:18,2026-05-23T07:03:39,False,OLOXO1C,B38M,2026-05-23T07:03:55,True,2026-05-23T07:04:00.966733443,41.28223743278744,2.0743755376216115,264.5692653397171,158.0,-113.378906,0.0045712753491125155,False,2026-05-23T07:04:16,EWG81R,2026-05-23T06:56:56,2026-05-23T07:03:55,AGENA1C,OLOXO1C,MISMA_SID_G3,MISMA_SID_G1,A320,B38M,M,M,R,R,False,,,False,False,TWR no computable: precedente sin posicion en la primera deteccion del siguiente; TMA no computable: sin solape temporal dentro del filtro,,,False,,,,,,,420.0,,,,,3.0,,False,OLOXO1C,B38M,2026-05-23T07:03:55,2026-05-23T07:04:16,41.277172868639084,2.06081239022859,30768.247421912605,18013.079254257747,750.7218666666666,164.0,-23.73,-120.410156,-127.266,2.118325793073252,roll,False,,,OLOXO1C,B38M,M,2026-05-23T07:03:55,164.0,800.0,211.0,3000.0,47.0,NADP2,30.0,2026-05-23T07:04:17.265705479,2026-05-23T07:05:41.079470149
VLG5FN,VLG,24L,2026-05-23T07:05:36,NATPI1C,MISMA_SID_G1,A320,M,R,2026-05-23T07:05:15,2026-05-23T07:08:22,2026-05-23T07:05:20,False,NATPI1C,A320,2026-05-23T07:05:36,True,2026-05-23T07:05:40.955089183,41.282211174782226,2.0743838108253048,389.5559190171679,164.0,-114.082031,0.006191107417001237,False,2026-05-23T07:05:51,RYR4WX,2026-05-23T07:03:55,2026-05-23T07:05:36,OLOXO1C,NATPI1C,MISMA_SID_G1,MISMA_SID_G1,B38M,A320,M,M,R,R,True,2026-05-23T07:05:20,2026-05-23T07:05:15,True,True,,4.505978830520735,2162.3338666666664,False,4.3394682869985886,1995.7557333333332,False,,,4.505978830520735,101.0,,,4.3394682869985886,,5.0,4.505978830520735,True,NATPI1C,A320,2026-05-23T07:05:36,2026-05-23T07:05:51,41.27884473762525,2.065553921703407,31163.553730945438,18200.609449861364,923.6333333333333,159.0,0.0,-127.617188,-114.258,1.882003577126841,roll+hdg,False,,,NATPI1C,A320,M,2026-05-23T07:05:36,161.0,800.0,227.0,3000.0,66.0,NADP2,30.0,2026-05-23T07:05:48.858955445,2026-05-23T07:07:13.026729591
VLG6VG,VLG,24L,2026-05-23T07:07:17,DUNES1C,MISMA_SID_G2,A320,M,R,2026-05-23T07:06:51,2026-05-23T07:09:45,2026-05-23T07:06:58,False,DUNES1C,A320,2026-05-23T07:07:17,True,2026-05-23T07:07:19.217102803,41.28228711430244,2.0743589106458593,437.0806604085763,161.0,-116.367188,0.0014958199866361302,False,2026-05-23T07:07:27,VLG5FN,2026-05-23T07:05:36,2026-05-23T07:07:17,NATPI1C,DUNES1C,MISMA_SID_G1,MISMA_SID_G2,A320,A320,M,M,R,R,False,2026-05-23T07:06:58,2026-05-23T07:06:51,True,True,,4.622680497961328,2195.647466666667,False,4.371064782416108,1991.0224,False,,,4.622680497961328,98.0,,,4.371064782416108,,3.0,4.622680497961328,False,DUNES1C,A320,2026-05-23T07:07:17,2026-05-23T07:07:27,41.27965431550022,2.0674965846422735,31325.44950806361,18291.29920253624,775.8584,159.0,-0.176,-122.167969,-115.312,1.7819997635442133,roll+hdg,False,,,DUNES1C,A320,M,2026-05-23T07:07:17,159.0,800.0,228.0,3000.0,69.0,NADP2,30.0,2026-05-23T07:07:27.538875,2026-05-23T07:08:49.304810218
IBE04YC,IBE,24L,2026-05-23T07:11:34,SENIA1C,MISMA_SID_G2,A20N,M,R,2026-05-23T07:11:14,2026-05-23T07:14:05,2026-05-23T07:11:20,False,SENIA1C,A20N,2026-05-23T07:11:34,True,2026-05-23T07:11:42.608811056,41.28221139494429,2.074402668282721,650.4241338126449,149.0,-122.167969,0.006441358135511008,True,2026-05-23T07:11:39,VLG6VG,2026-05-23T07:07:17,2026-05-23T07:11:34,DUNES1C,SENIA1C,MISMA_SID_G2,MISMA_SID_G2,A320,A20N,M,M,R,R,True,,,False,False,TWR no computable: precedente sin posicion en la primera deteccion del siguiente; TMA no computable: sin solape temporal dentro del filtro,,,False,,,,,,,262.0,,,,,5.0,,False,SENIA1C,A20N,2026-05-23T07:11:34,2026-05-23T07:11:39,41.2833019808982,2.07731748502994,32144.051799609762,18700.35282099503,494.2712,149.0,-20.391,-114.960938,-115.137,1.2878836858229072,roll,False,,,SENIA1C,A20N,M,2026-05-23T07:11:34,149.0,800.0,219.0,3000.0,70.0,NADP2,30.0,2026-05-23T07:11:45.869912790,2026-05-23T07:13:07.364017241
VLG8QR,VLG,24L,2026-05-23T07:13:15,LOTOS1C,MISMA_SID_G2,A320,M,R,2026-05-23T07:12:54,2026-05-23T07:15:49,2026-05-23T07:13:01,False,LOTOS1C,A320,2026-05-23T07:13:15,True,2026-05-23T07:13:21.807454145,41.28223108916437,2.0743782890202023,364.56630533976113,162.1925458543863,-114.52094049302815,0.004971200547620876,False,2026-05-23T07:13:27,IBE04YC,2026-05-23T07:11:34,2026-05-23T07:13:15,SENIA1C,LOTOS1C,MISMA_SID_G2,MISMA_SID_G2,A20N,A320,M,M,R,R,True,2026-05-23T07:13:01,2026-05-23T07:12:54,True,True,,4.393837037160412,2893.6037333333334,False,4.132620987258588,2732.5834666666665,False,,,4.393837037160412,101.0,,,4.132620987258588,,5.0,4.393837037160412,True,LOTOS1C,A320,2026-05-23T07:13:15,2026-05-23T07:13:27,41.28057634463315,2.0697453144993974,31512.853923923874,18394.603720810715,628.0978666666666,158.0,-13.184,-117.421875,-119.531,1.6666557828847957,roll,False,,,LOTOS1C,A320,M,2026-05-23T07:13:15,160.0,800.0,232.0,3000.0,72.0,NADP2,30.0,2026-05-23T07:13:30.979730769,2026-05-23T07:14:54.891124999
VLG9FC,VLG,24L,2026-05-23T07:14:31,GRAUS1C,MISMA_SID_G1,A320,M,R,2026-05-23T07:14:10,2026-05-23T07:17:01,2026-05-23T07:14:13,False,GRAUS1C,A320,2026-05-23T07:14:31,True,2026-05-23T07:14:34.356109637,41.282331263003734,2.074342954830094,379.41880411241647,163.0,-114.960938,0.0012509866488999613,False,2026-05-23T07:14:39,VLG8QR,2026-05-23T07:13:15,2026-05-23T07:14:31,LOTOS1C,GRAUS1C,MISMA_SID_G2,MISMA_SID_G1,A320,A320,M,M,R,R,False,2026-05-23T07:14:13,2026-05-23T07:14:10,True,True,,2.989946310852605,1775.0304,False,2.9388984107847445,1725.4304000000002,False,,,2.989946310852605,72.0,,,2.9388984107847445,,3.0,2.989946310852605,True,GRAUS1C,A320,2026-05-23T07:14:31,2026-05-23T07:14:39,41.280836920001235,2.070112617763491,31543.410669088473,18423.70221973295,580.7528,162.0,-15.117,-116.191406,-117.246,1.645063920129015,roll,False,,,GRAUS1C,A320,M,2026-05-23T07:14:31,163.0,800.0,212.0,3000.0,49.0,NADP2,30.0,2026-05-23T07:14:43.332387640,2026-05-23T07:15:58.457073863
WMT182,WMT,24L,2026-05-23T07:16:12,DIPES1C,MISMA_SID_G3,A321,M,R,2026-05-23T07:15:50,2026-05-23T07:20:12,2026-05-23T07:15:55,False,DIPES1C,A321,2026-05-23T07:16:12,True,2026-05-23T07:16:16.012118471,41.28231123159814,2.074349959419772,267.06473884217286,170.0,-113.730469,7.4621992446397645e-06,False,2026-05-23T07:16:23,VLG9FC,2026-05-23T07:14:31,2026-05-23T07:16:12,GRAUS1C,DIPES1C,MISMA_SID_G1,MISMA_SID_G3,A320,A321,M,M,R,R,False,2026-05-23T07:15:55,2026-05-23T07:15:50,True,True,,4.849515186173649,2826.4010666666663,False,4.68292708620578,2580.5616,False,,,4.849515186173649,102.0,,,4.68292708620578,,3.0,4.849515186173649,False,DIPES1C,A321,2026-05-23T07:16:12,2026-05-23T07:16:23,41.279999903772456,2.067710715968064,31343.1708951351,18329.792359161587,614.7853333333334,165.0,-15.645,-115.839844,-117.246,1.7645206275756173,roll,False,,,DIPES1C,A321,M,2026-05-23T07:16:12,164.0,800.0,160.0,3000.0,-4.0,NADP1,30.0,2026-05-23T07:16:26.749972826,2026-05-23T07:17:37.131859330
NJE838T,NJE,24L,2026-05-23T07:17:43,DIPES1C,MISMA_SID_G3,C56X,M,LP,2026-05-23T07:17:22,2026-05-23T07:19:25,2026-05-23T07:17:25,False,DIPES1C,C56X,2026-05-23T07:17:43,True,2026-05-23T07:17:45,41.281345304110005,2.0752017090400003,976.2500000000014,169.0,-121.289062,0.06956485185603294,True,2026-05-23T07:17:42,WMT182,2026-05-23T07:16:12,2026-05-23T07:17:43,DIPES1C,DIPES1C,MISMA_SID_G3,MISMA_SID_G3,A321,C56X,M,M,R,LP,True,2026-05-23T07:17:25,2026-05-23T07:19:06,True,True,,3.6178585568108423,2609.0724802482346,False,3.1246128543200054,344.88142685370894,False,,,3.6178585568108423,90.0,,,3.1246128543200054,,5.0,3.6178585568108423,True,DIPES1C,C56X,2026-05-23T07:17:43,2026-05-23T07:17:42,41.28289974661,2.07765402904,32172.36162400561,18655.764902562143,788.7500000000014,169.0,-1.055,-121.289062,-116.016,1.2844292869473575,roll+hdg,False,,,DIPES1C,C56X,M,2026-05-23T07:17:43,169.0,800.0,193.0,3000.0,24.0,NADP1,30.0,2026-05-23T07:17:42.179999999,2026-05-23T07:18:26.872255871
TRA3T,TRA,24L,2026-05-23T07:22:31,OLOXO1C,MISMA_SID_G1,B738,M,R,2026-05-23T07:22:09,2026-05-23T07:25:00,2026-05-23T07:22:15,False,OLOXO1C,B738,2026-05-23T07:22:31,True,2026-05-23T07:22:36.186008010,41.282014936655315,2.0744658124902817,365.29869476865514,162.0,-114.785156,0.018534272672325342,False,2026-05-23T07:22:46,NJE838T,2026-05-23T07:17:43,2026-05-23T07:22:31,DIPES1C,OLOXO1C,MISMA_SID_G3,MISMA_SID_G1,C56X,B738,M,M,LP,R,False,,,False,False,TWR no computable: precedente sin posicion en la primera deteccion del siguiente; TMA no computable: sin solape temporal dentro del filtro,,,False,,,,,,,290.0,,,,,4.0,,False,OLOXO1C,B738,2026-05-23T07:22:31,2026-05-23T07:22:46,41.27824249485972,2.0660367340681365,31204.173224510454,18133.838049730042,811.1784000000014,163.0,-2.285,-127.792969,-116.543,1.87820832282723,roll+hdg,False,,,OLOXO1C,B738,M,2026-05-23T07:22:31,163.0,800.0,207.0,3000.0,44.0,NADP2,30.0,2026-05-23T07:22:45.651771918,2026-05-23T07:23:55.614201219
QTR138,QTR,24L,2026-05-23T07:23:57,DIPES1C,MISMA_SID_G3,B789,H,R,2026-05-23T07:23:37,2026-05-23T07:27:36,2026-05-23T07:23:41,False,DIPES1C,B789,2026-05-23T07:23:57,True,2026-05-23T07:24:02.993393288,41.28218803126004,2.074391929928373,208.55612669560236,166.0,-113.730469,0.00762808519407393,False,2026-05-23T07:24:15,TRA3T,2026-05-23T07:22:31,2026-05-23T07:23:57,OLOXO1C,DIPES1C,MISMA_SID_G1,MISMA_SID_G3,B738,B789,M,H,R,R,False,2026-05-23T07:23:41,2026-05-23T07:23:37,True,True,,3.9955290966756802,2258.1333333333346,False,3.867778775923367,2055.7328000000016,False,,,3.9955290966756802,86.0,,,3.867778775923367,,3.0,3.9955290966756802,False,DIPES1C,B789,2026-05-23T07:23:57,2026-05-23T07:24:15,41.27798020126842,2.0629620990342477,30947.4494260256,18103.584581002506,656.1016,172.0,-15.293,-116.894531,-120.059,2.0099191753584886,roll,False,,,DIPES1C,B789,H,2026-05-23T07:23:57,172.0,800.0,170.0,3000.0,-2.0,NADP1,30.0,2026-05-23T07:24:18.874651315,2026-05-23T07:25:33.433348214
BTX6F,BTX,24L,2026-05-23T07:26:38,DALIN1C,MISMA_SID_G3,FA7X,M,HP,2026-05-23T07:26:25,2026-05-23T07:28:32,2026-05-23T07:26:26,False,DALIN1C,FA7X,2026-05-23T07:26:38,True,2026-05-23T07:26:44,41.281553028496994,2.075427389709419,1032.8237333333348,137.0,-121.113281,0.06659316627466791,True,2026-05-23T07:26:41,QTR138,2026-05-23T07:23:57,2026-05-23T07:26:38,DIPES1C,DALIN1C,MISMA_SID_G3,MISMA_SID_G3,B789,FA7X,H,M,R,HP,True,2026-05-23T07:26:26,2026-05-23T07:26:25,True,True,,7.00921861323417,3759.516266666665,False,6.980288371761151,3773.9162666666657,False,5.0,120.0,7.00921861323417,165.0,False,5.0,6.980288371761151,False,7.0,7.00921861323417,False,DALIN1C,FA7X,2026-05-23T07:26:38,2026-05-23T07:26:41,41.28295698641282,2.0771795715731463,32132.70200073503,18661.95180211702,863.2237333333347,137.0,-3.867,-121.113281,-116.191,1.302257916645619,roll+hdg,False,,,DALIN1C,FA7X,M,2026-05-23T07:26:38,139.0,800.0,199.0,3000.0,60.0,NADP2,30.0,2026-05-23T07:26:39.825257009,2026-05-23T07:27:42.725796296
RYR23VU,RYR,24L,2026-05-23T07:28:25,SENIA1C,MISMA_SID_G2,B738,M,R,2026-05-23T07:28:05,2026-05-23T07:31:36,2026-05-23T07:28:08,False,SENIA1C,B738,2026-05-23T07:28:25,True,2026-05-23T07:28:29.169005451,41.282318312906064,2.0743474263015576,242.40044403184146,164.0,-113.90625,0.0004477199319441865,False,2026-05-23T07:28:38,BTX6F,2026-05-23T07:26:38,2026-05-23T07:28:25,DALIN1C,SENIA1C,MISMA_SID_G3,MISMA_SID_G2,FA7X,B738,M,M,HP,R,False,2026-05-23T07:28:08,2026-05-23T07:28:05,True,True,,4.922886027588948,4421.720533333335,False,4.793731882266853,4232.920533333336,False,,,4.922886027588948,102.0,,,4.793731882266853,,3.0,4.922886027588948,False,SENIA1C,B738,2026-05-23T07:28:25,2026-05-23T07:28:38,41.27929984591431,2.0660893416876993,31208.063085578877,18251.391622571995,586.9176,167.0,-11.426,-117.597656,-120.586,1.8485484396270797,roll,False,,,SENIA1C,B738,M,2026-05-23T07:28:25,166.0,800.0,208.0,3000.0,42.0,NADP2,30.0,2026-05-23T07:28:42.252416666,2026-05-23T07:30:02.185020833
RYR98RR,RYR,24L,2026-05-23T07:29:46,DIPES1C,MISMA_SID_G3,B738,M,R,2026-05-23T07:29:29,2026-05-23T07:32:19,2026-05-23T07:29:31,False,DIPES1C,B738,2026-05-23T07:29:46,True,2026-05-23T07:29:51.674630384,41.28208365455144,2.074432636908596,301.7962067837969,168.0,-114.785156,0.014156413041795886,False,2026-05-23T07:29:58,RYR23VU,2026-05-23T07:28:25,2026-05-23T07:29:46,SENIA1C,DIPES1C,MISMA_SID_G2,MISMA_SID_G3,B738,B738,M,M,R,R,False,2026-05-23T07:29:31,2026-05-23T07:29:29,True,True,,3.4944091382666285,1923.7535999999986,False,3.4517093777896637,1900.286933333332,False,,,3.4944091382666285,83.0,,,3.4517093777896637,,3.0,3.4944091382666285,False,DIPES1C,B738,2026-05-23T07:29:46,2026-05-23T07:29:58,41.27977149591076,2.0684728733795263,31406.947334511784,18304.677616843765,603.9000000000013,171.0,-26.719,-119.355469,-127.09,1.7391589596240957,roll,False,,,DIPES1C,B738,M,2026-05-23T07:29:46,168.0,800.0,217.0,3000.0,49.0,NADP2,30.0,2026-05-23T07:30:01.965725806,2026-05-23T07:31:12.578944771
LHX06E,LHX,24L,2026-05-23T07:31:17,,,A20N,M,R,2026-05-23T07:30:57,2026-05-23T07:33:31,2026-05-23T07:31:01,False,,A20N,2026-05-23T07:31:17,True,2026-05-23T07:31:23,41.28213516599268,2.074497246829347,607.4568,148.0,-117.070312,0.012479235935079434,False,2026-05-23T07:31:25,RYR98RR,2026-05-23T07:29:46,2026-05-23T07:31:17,DIPES1C,,MISMA_SID_G3,,B738,A20N,M,M,R,R,,2026-05-23T07:31:01,2026-05-23T07:30:57,True,True,,4.270728315817877,2440.0917333333346,False,4.1337334304231925,2247.075200000001,False,,,4.270728315817877,90.0,,,4.1337334304231925,,,4.270728315817877,False,,A20N,2026-05-23T07:31:17,2026-05-23T07:31:25,41.281470770110005,2.07286003416,31772.606475162604,18495.1593317765,698.6328,150.0,0.527,-122.695312,-114.785,1.5165927905002579,roll+hdg,False,,,,A20N,M,2026-05-23T07:31:17,150.0,800.0,235.03823002220497,3000.0,85.03823002220497,NADP2,30.0,2026-05-23T07:31:27.436711538,2026-05-23T07:32:40.759557505
ANE53GX,ANE,24L,2026-05-23T07:32:43,DUQQI1C,MISMA_SID_G1,CRJX,M,R,2026-05-23T07:32:21,2026-05-23T07:35:36,2026-05-23T07:32:24,False,DUQQI1C,CRJX,2026-05-23T07:32:43,True,2026-05-23T07:32:45.971973484,41.282261497109744,2.0743667504773455,291.9063918998616,163.0,-112.148438,0.0030732230684340635,False,2026-05-23T07:33:00,LHX06E,2026-05-23T07:31:17,2026-05-23T07:32:43,,DUQQI1C,,MISMA_SID_G1,A20N,CRJX,M,M,R,R,,2026-05-23T07:32:24,2026-05-23T07:32:21,True,True,,3.6247069904195794,2264.568533333333,False,3.5130894943883253,2174.968533333333,False,,,3.6247069904195794,83.0,,,3.5130894943883253,,,3.6247069904195794,False,DUQQI1C,CRJX,2026-05-23T07:32:43,2026-05-23T07:33:00,41.277412448407084,2.0619034712376587,30859.283171055507,18040.09636496172,919.2616,162.0,-15.82,-119.882812,-145.02,2.067678461691857,roll,False,,,DUQQI1C,CRJX,M,2026-05-23T07:32:43,162.0,800.0,193.0,3000.0,31.0,NADP2,30.0,2026-05-23T07:32:57.429706896,2026-05-23T07:34:07.276104166
VLG7CV,VLG,24L,2026-05-23T07:34:39,LOTOS1C,MISMA_SID_G2,A320,M,R,2026-05-23T07:34:20,2026-05-23T07:37:15,2026-05-23T07:34:24,False,LOTOS1C,A320,2026-05-23T07:34:39,True,2026-05-23T07:34:45.079014874,41.28224668978629,2.0743729317094464,371.5775695083133,165.0,-115.664062,0.00400387701195736,False,2026-05-23T07:34:53,ANE53GX,2026-05-23T07:32:43,2026-05-23T07:34:39,DUQQI1C,LOTOS1C,MISMA_SID_G1,MISMA_SID_G2,CRJX,A320,M,M,R,R,False,2026-05-23T07:34:24,2026-05-23T07:34:20,True,True,,5.408397424231092,3556.4645333333333,False,5.283607029427731,3427.085333333333,False,,,5.408397424231092,120.0,,,5.283607029427731,,3.0,5.408397424231092,False,LOTOS1C,A320,2026-05-23T07:34:39,2026-05-23T07:34:53,41.2794720025457,2.0671584276333044,31297.28832086723,18270.911837951182,765.9,163.0,-1.23,-124.980469,-115.137,1.8004608880541173,roll+hdg,False,,,LOTOS1C,A320,M,2026-05-23T07:34:39,163.0,800.0,227.0,3000.0,64.0,NADP2,30.0,2026-05-23T07:34:53.666015624,2026-05-23T07:36:12.241078947
RYR26UP,RYR,24L,2026-05-23T07:37:51,DUQQI1C,MISMA_SID_G1,B738,M,R,2026-05-23T07:37:32,2026-05-23T07:40:31,2026-05-23T07:37:36,False,DUQQI1C,B738,2026-05-23T07:37:51,True,2026-05-23T07:37:56.859213559,41.28223682529004,2.0743765364390283,419.3757369560117,165.0,-115.3125,0.004618059314262112,False,2026-05-23T07:38:04,VLG7CV,2026-05-23T07:34:39,2026-05-23T07:37:51,LOTOS1C,DUQQI1C,MISMA_SID_G2,MISMA_SID_G1,A320,B738,M,M,R,R,False,,,False,False,TWR no computable: precedente sin posicion en la primera deteccion del siguiente; TMA no computable: sin solape temporal dentro del filtro,,,False,,,,,,,192.0,,,,,3.0,,False,DUQQI1C,B738,2026-05-23T07:37:51,2026-05-23T07:38:04,41.27980796,2.0677765,31348.75964065827,18308.47831145322,752.5,168.0,-0.879,-122.519531,-114.785,1.7666541195360845,roll+hdg,False,,,DUQQI1C,B738,M,2026-05-23T07:37:51,168.0,800.0,210.0,3000.0,42.0,NADP2,30.0,2026-05-23T07:38:05.073042168,2026-05-23T07:39:10.608711538
RYR97BB,RYR,24L,2026-05-23T07:39:27,AGENA1C,MISMA_SID_G3,B738,M,R,2026-05-23T07:39:08,2026-05-23T07:42:11,2026-05-23T07:39:10,False,AGENA1C,B738,2026-05-23T07:39:27,True,2026-05-23T07:39:30.757719061,41.28216843160877,2.0744010565930804,156.94461982036344,172.0,-116.015625,0.008870863807763828,False,2026-05-23T07:39:37,RYR26UP,2026-05-23T07:37:51,2026-05-23T07:39:27,DUQQI1C,AGENA1C,MISMA_SID_G1,MISMA_SID_G3,B738,B738,M,M,R,R,False,2026-05-23T07:39:10,2026-05-23T07:39:08,True,True,,4.6076617879587864,2945.9194666666667,False,4.54211643919295,2863.7861333333335,False,,,4.6076617879587864,94.0,,,4.54211643919295,,3.0,4.6076617879587864,False,AGENA1C,B738,2026-05-23T07:39:27,2026-05-23T07:39:37,41.27989232172271,2.0682637325893367,31389.41894612216,18318.032910165486,558.3,173.0,-24.961,-117.246094,-120.762,1.744592268617665,roll,False,,,AGENA1C,B738,M,2026-05-23T07:39:27,173.0,800.0,213.0,3000.0,40.0,NADP2,30.0,2026-05-23T07:39:42.463758426,2026-05-23T07:40:48.004343750
KLM1498,KLM,24L,2026-05-23T07:40:43,DUQQI1C,MISMA_SID_G1,E190,M,R,2026-05-23T07:40:28,2026-05-23T07:44:43,2026-05-23T07:40:40,False,DUQQI1C,E190,2026-05-23T07:40:43,True,2026-05-23T07:41:02.332076839,41.28235607813165,2.0743345717643575,194.40974083379913,162.0,-113.027344,0.002788134179300557,False,2026-05-23T07:41:09,RYR97BB,2026-05-23T07:39:27,2026-05-23T07:40:43,AGENA1C,DUQQI1C,MISMA_SID_G3,MISMA_SID_G1,B738,E190,M,M,R,R,False,2026-05-23T07:40:40,2026-05-23T07:40:28,True,True,,4.277357834522451,2638.6799999999985,False,3.874888761293028,2067.173333333332,False,,,4.277357834522451,90.0,,,3.874888761293028,,3.0,4.277357834522451,False,DUQQI1C,E190,2026-05-23T07:40:43,2026-05-23T07:41:09,41.280305855862316,2.0683518027030177,31396.57754308165,18364.032638756627,516.7912000000014,157.0,-10.371,-113.90625,-115.137,1.7305812590353062,roll,False,,,DUQQI1C,E190,M,2026-05-23T07:40:43,158.0,800.0,161.0,3000.0,3.0,NADP1,30.0,2026-05-23T07:41:17.138131578,2026-05-23T07:42:34.761970588
WMT95Z,WMT,24L,2026-05-23T07:42:24,AGENA1C,MISMA_SID_G3,A21N,M,R,2026-05-23T07:42:08,2026-05-23T07:45:06,2026-05-23T07:42:14,False,AGENA1C,A21N,2026-05-23T07:42:24,True,2026-05-23T07:42:35.117832058,41.28222392134152,2.07438055548871,433.75935632819505,161.11783205840106,-114.84729402900545,0.005413401110327965,False,2026-05-23T07:42:37,KLM1498,2026-05-23T07:40:43,2026-05-23T07:42:24,DUQQI1C,AGENA1C,MISMA_SID_G1,MISMA_SID_G3,E190,A21N,M,M,R,R,False,2026-05-23T07:42:14,2026-05-23T07:42:08,True,True,,3.697139464445102,2408.8256000000015,False,3.5927072483192717,2225.1525333333348,False,,,3.697139464445102,94.0,,,3.5927072483192717,,3.0,3.697139464445102,False,AGENA1C,A21N,2026-05-23T07:42:24,2026-05-23T07:42:37,41.28161495707609,2.0726262716485326,31753.008760134893,18511.10266131959,473.1,162.0,-10.898,-115.3125,-115.488,1.5225012252328036,roll,False,,,AGENA1C,A21N,M,2026-05-23T07:42:24,167.0,800.0,243.0,3000.0,76.0,NADP2,30.0,2026-05-23T07:42:44.841457317,2026-05-23T07:44:06.566710526
IBE04LK,IBE,24L,2026-05-23T07:44:31,SENIA1C,MISMA_SID_G2,A20N,M,R,2026-05-23T07:44:12,2026-05-23T07:46:50,2026-05-23T07:44:14,False,SENIA1C,A20N,2026-05-23T07:44:31,True,2026-05-23T07:44:36.072289314,41.28235301543704,2.0743292665886934,632.1013957036034,152.0,-120.234375,0.002684234427229242,True,2026-05-23T07:44:33,WMT95Z,2026-05-23T07:42:24,2026-05-23T07:44:31,AGENA1C,SENIA1C,MISMA_SID_G3,MISMA_SID_G2,A21N,A20N,M,M,R,R,False,2026-05-23T07:44:14,2026-05-23T07:44:12,True,True,,6.062000270875357,3266.077333333333,False,5.964133521539846,3180.744,False,,,6.062000270875357,120.0,,,5.964133521539846,,3.0,6.062000270875357,False,SENIA1C,A20N,2026-05-23T07:44:31,2026-05-23T07:44:33,41.28328769322146,2.0768922905286566,32108.54159908116,18698.607915183962,499.2808,152.0,-15.469,-113.554688,-116.191,1.3057065536881678,roll,False,,,SENIA1C,A20N,M,2026-05-23T07:44:31,152.0,800.0,206.63616197214594,3000.0,54.63616197214594,NADP2,30.0,2026-05-23T07:44:39.456747144,2026-05-23T07:45:51.409040493
DAL251,DAL,24L,2026-05-23T07:46:17,DUQQI1C,MISMA_SID_G1,A339,H,R,2026-05-23T07:45:56,2026-05-23T07:50:23,2026-05-23T07:46:00,False,DUQQI1C,A339,2026-05-23T07:46:17,True,2026-05-23T07:46:20.828009550,41.282160318738384,2.0744038713266177,354.30048900329496,164.0,-115.3125,0.009374233475516263,False,2026-05-23T07:46:29,IBE04LK,2026-05-23T07:44:31,2026-05-23T07:46:17,SENIA1C,DUQQI1C,MISMA_SID_G2,MISMA_SID_G1,A20N,A339,M,H,R,R,False,2026-05-23T07:46:00,2026-05-23T07:45:56,True,True,,4.8039977054302305,3291.6896,False,4.636711886762251,3136.3210666666664,False,,,4.8039977054302305,106.0,,,4.636711886762251,,3.0,4.8039977054302305,False,DUQQI1C,A339,2026-05-23T07:46:17,2026-05-23T07:46:29,41.27945366132,2.0668983914,31275.57427526549,18268.780341375375,764.5144,161.0,-15.645,-117.773438,-119.531,1.8115526510370892,roll,False,,,DUQQI1C,A339,H,2026-05-23T07:46:17,161.0,800.0,159.0,3000.0,-2.0,NADP1,30.0,2026-05-23T07:46:29.672075757,2026-05-23T07:47:48.163875
WZZ17JZ,WZZ,24L,2026-05-23T07:50:45,AGENA1C,MISMA_SID_G3,A21N,M,R,2026-05-23T07:50:27,2026-05-23T07:53:50,2026-05-23T07:50:30,False,AGENA1C,A21N,2026-05-23T07:50:45,True,2026-05-23T07:50:52.718691347,41.28227540113724,2.074362397680967,229.42329184511007,158.0,-116.015625,0.0022158091961529862,False,2026-05-23T07:51:08,DAL251,2026-05-23T07:46:17,2026-05-23T07:50:45,DUQQI1C,AGENA1C,MISMA_SID_G1,MISMA_SID_G3,A339,A21N,H,M,R,R,False,,,False,False,TWR no computable: precedente sin posicion en la primera deteccion del siguiente; TMA no computable: sin solape temporal dentro del filtro,,,False,,,,,,,270.0,,5.0,,,3.0,,False,AGENA1C,A21N,2026-05-23T07:50:45,2026-05-23T07:51:08,41.27722888968,2.0607438252,30762.49366764661,18019.28201661716,676.0696,159.0,0.703,-122.695312,-115.84,2.1196931067850038,roll+hdg,False,,,AGENA1C,A21N,M,2026-05-23T07:50:45,159.0,800.0,228.0,3000.0,69.0,NADP2,30.0,2026-05-23T07:51:12.019029411,2026-05-23T07:52:40.420006578
WZZ521,WZZ,24L,2026-05-23T07:52:11,AGENA1C,MISMA_SID_G3,A21N,M,R,2026-05-23T07:51:51,2026-05-23T07:54:46,2026-05-23T07:51:57,False,AGENA1C,A21N,2026-05-23T07:52:11,True,2026-05-23T07:52:17.638971698,41.28230780653368,2.074351135416057,441.95163775969,165.0,-115.3125,0.00020491512137688452,False,2026-05-23T07:52:27,WZZ17JZ,2026-05-23T07:50:45,2026-05-23T07:52:11,AGENA1C,AGENA1C,MISMA_SID_G3,MISMA_SID_G3,A21N,A21N,M,M,R,R,True,2026-05-23T07:51:57,2026-05-23T07:51:51,True,True,,3.5078881438604412,1786.0069333333333,False,3.425522425773031,1673.8015999999998,False,,,3.5078881438604412,87.0,,,3.425522425773031,,5.0,3.5078881438604412,True,AGENA1C,A21N,2026-05-23T07:52:11,2026-05-23T07:52:27,41.278951371452585,2.0655668518832244,31164.583629771703,18212.467039482854,832.4994666666666,171.0,-0.879,-124.980469,-114.258,1.8787511112610562,roll+hdg,False,,,AGENA1C,A21N,M,2026-05-23T07:52:11,170.2265763821902,800.0,229.0,3000.0,58.77342361780981,NADP2,30.0,2026-05-23T07:52:26.226576382,2026-05-23T07:53:41.304648148
AEA68NT,AEA,24L,2026-05-23T07:53:57,LARPA1C,MISMA_SID_G2,B738,M,R,2026-05-23T07:53:35,2026-05-23T07:56:49,2026-05-23T07:53:38,False,LARPA1C,B738,2026-05-23T07:53:57,True,2026-05-23T07:53:59.942520503,41.282245891147596,2.074374556405038,315.10010090778894,157.0,-116.191406,0.004069560886867418,False,2026-05-23T07:54:07,WZZ521,2026-05-23T07:52:11,2026-05-23T07:53:57,AGENA1C,LARPA1C,MISMA_SID_G3,MISMA_SID_G2,A21N,B738,M,M,R,R,False,2026-05-23T07:53:38,2026-05-23T07:53:35,True,True,,4.820241038170323,2836.9024,False,4.7008726392268585,2720.1023999999998,False,,,4.820241038170323,101.0,,,4.7008726392268585,,3.0,4.820241038170323,False,LARPA1C,B738,2026-05-23T07:53:57,2026-05-23T07:54:07,41.27987895567924,2.068114146358116,31376.930604174715,18316.492169227495,561.3,161.0,-0.879,-121.113281,-116.016,1.7510454705059835,roll+hdg,False,,,LARPA1C,B738,M,2026-05-23T07:53:57,161.0,800.0,213.55756347522944,3000.0,52.55756347522944,NADP2,30.0,2026-05-23T07:54:13.289062500,2026-05-23T07:55:34.852521158
RYR2VW,RYR,24L,2026-05-23T07:55:18,DALIN1C,MISMA_SID_G3,B738,M,R,2026-05-23T07:54:59,2026-05-23T07:58:02,2026-05-23T07:55:03,False,DALIN1C,B738,2026-05-23T07:55:18,True,2026-05-23T07:55:23.800033531,41.28242569782954,2.074307442818953,114.47438847147075,178.0,-114.960938,0.00714276035834989,False,2026-05-23T07:55:36,AEA68NT,2026-05-23T07:53:57,2026-05-23T07:55:18,LARPA1C,DALIN1C,MISMA_SID_G2,MISMA_SID_G3,B738,B738,M,M,R,R,False,2026-05-23T07:55:03,2026-05-23T07:54:59,True,True,,3.415726624505567,2209.172266666667,False,3.3310647830084155,2131.4634666666666,False,,,3.415726624505567,85.0,,,3.3310647830084155,,3.0,3.415726624505567,False,DALIN1C,B738,2026-05-23T07:55:18,2026-05-23T07:55:36,41.278035582874246,2.062135044550898,30878.33308663692,18109.446750454565,694.8792,175.0,-13.184,-116.015625,-116.016,2.0423613753112706,roll,False,,,DALIN1C,B738,M,2026-05-23T07:55:18,175.10162460920054,800.0,224.0,3000.0,48.89837539079946,NADP2,30.0,2026-05-23T07:55:38.101624609,2026-05-23T07:56:55.308301136
VLG7KT,VLG,24L,2026-05-23T07:59:46,LOTOS1C,MISMA_SID_G2,A320,M,R,2026-05-23T07:59:23,2026-05-23T08:00:57,2026-05-23T07:59:28,False,LOTOS1C,A320,2026-05-23T07:59:46,True,2026-05-23T07:59:49.372182769,41.282301354360094,2.074353392582372,356.7172031925748,164.0,-115.3125,0.0006054678341089617,False,2026-05-23T08:00:03,RYR2VW,2026-05-23T07:55:18,2026-05-23T07:59:46,DALIN1C,LOTOS1C,MISMA_SID_G3,MISMA_SID_G2,B738,A320,M,M,R,R,False,,,False,False,TWR no computable: precedente sin posicion en la primera deteccion del siguiente; TMA no computable: sin solape temporal dentro del filtro,,,False,,,,,,,265.0,,,,,3.0,,False,LOTOS1C,A320,2026-05-23T07:59:46,2026-05-23T08:00:03,41.277408908992335,2.0620960903468815,30875.375539854365,18039.771343027565,962.3426666666667,162.0,-0.879,-132.011719,-114.609,2.059927560814828,roll+hdg,False,,,LOTOS1C,A320,M,2026-05-23T07:59:46,162.0,800.0,,,,,30.0,2026-05-23T07:59:59.923303571,
UAE81W,UAE,24L,2026-05-23T09:29:13,LOBAR1C,MISMA_SID_G1,B77L,H,R,2026-05-23T06:01:30,2026-05-23T06:08:35,2026-05-23T06:08:22,False,LOBAR1C,B77L,2026-05-23T09:29:13,False,,,,,,,1.2309737071496836,,,VLG7KT,2026-05-23T07:59:46,2026-05-23T09:29:13,LOTOS1C,LOBAR1C,MISMA_SID_G2,MISMA_SID_G1,A320,B77L,M,H,R,R,False,,,False,False,TWR no computable: precedente sin posicion en la primera deteccion del siguiente; TMA no computable: sin solape temporal dentro del filtro,,,False,,,,,,,6666.0,,,,,3.0,,False,LOBAR1C,B77L,2026-05-23T09:29:13,,,,,,,,,,,,,False,,,LOBAR1C,B77L,H,2026-05-23T09:29:13,,,,,,,30.0,,
DICMD,DIC,24L,2026-05-23T10:41:58,DUQQI1C,MISMA_SID_G1,C25A,L,R,2026-05-23T06:48:43,2026-05-23T06:56:31,2026-05-23T06:48:44,False,DUQQI1C,C25A,2026-05-23T10:41:58,False,,,,,,,1.4297857420458375,,,UAE81W,2026-05-23T09:29:13,2026-05-23T10:41:58,LOBAR1C,DUQQI1C,MISMA_SID_G1,MISMA_SID_G1,B77L,C25A,H,L,R,R,True,,,False,False,TWR no computable: precedente sin posicion en la primera deteccion del siguiente; TMA no computable: sin solape temporal dentro del filtro,,,False,,,,,,,2422.0,,6.0,,,5.0,,False,DUQQI1C,C25A,2026-05-23T10:41:58,,,,,,,,,,,,,True,41.30731004386381,2.1081859683301665,DUQQI1C,C25A,L,2026-05-23T10:41:58,,,,,,,30.0,,
